title,url,scope,A_or_B,topics,type,notes,timeframe,found,final_judge
Oxford Covid-19 Government Response Tracker (OxCGRT),https://github.com/OxCGRT/covid-policy-dataset,international,A,"['covid', 'covid_ economic policies', 'covid_containment/closure pol']",tracker,also contains for indices to reflect gov response,"['2020', '2021', '2022', '2023']",own_research,fit
ILO Global Care Policy Portal,https://webapps.ilo.org/globalcare/,international,B,"['care policy gaps', 'maternity protection', 'paternity leave']",tracker,"over 60 legal and statistical indicators on maternity protection, paternity leave, parental leave and other care leave and non-discrimination policies, as well as childcare and long-term care services in more than 180 countries","['1994', '2004', '2014', '2021']",own_research_ILO,fit
CoronaNet,https://github.com/CoronaNetDataScience/corona_index/tree/main/coronanet,international,B,"['public health policy', 'covid']",tracker,"policy domains included are Business Restrictions, Health Monitoring, Health Resources, Mask Policies, School Restrictions, Social Distancing with a total of 190 countries","['2020', '2021']",FalisseMcAteer2022,nonfit
OECD COVID-19 Country Policy Tracker,https://oecd.github.io/OECD-covid-action-map/,international,B,"['covid', 'covid employment policies', 'covid social policy']",tracker,"What are countries doing to contain the spread of the coronavirus? How are countries helping people, small businesses and the economy to weather the crisis? // separate gits and csv for diff. policy fields // csv-format","['2020', '2021']",FalisseMcAteer2022,fit
HIT-COVID,https://github.com/HopkinsIDD/hit-covid,international,B,"['covid', 'public health', 'covid containment/closure pol']",tracker,tracks the implementation and relaxation of public health and social measures (PHSMs) taken by governments to slow transmission of SARS-COV-2 globally,['2020'],FalisseMcAteer2022,nonfit
CCSL,https://github.com/amel-github/covid19-interventionmeasures,international,B,"['covid', 'public health', 'covid containment/closure pol', 'covid economic policies']",tracker,"tracks interventions implemented to mitigate the burden of COVID-19, but also to characterise the political, public health, and economic strategies of the governments // unsure if econ data relevant or comprehensive",['2020'],FalisseMcAteer2022,fit
UNDP Covid-19 Global Gender Response Tracker,https://data.undp.org/insights/covid-19-global-gender-response-tracker,international,B,"['covid', 'covid economic policies', 'unpaid care work', 'female economic security']",tracker,"identifies policy measures that address women's economic security, unpaid care work, and violence against women and tracks women's participation in COVID-19 task forces // likely highly relevant","['2020', '2021', '2022']",FalisseMcAteer2022,fit
WHO/EU HSRM Health System Response Monitor,https://eurohealthobservatory.who.int/monitors/hsrm/overview,eu,B,"['covid', 'covid containment/closure pol', 'public health']",tracker,how countries’ health systems responded to the pandemic between 2020 and early 2022. The Archive of individual country evidence is complemented by cross-country comparative Analyses,"['2020', '2021', '2022']",FalisseMcAteer2022,nonfit
ISSA (ILO) Country Profiles Social Security,https://www.issa.int/databases/country-profiles,international,A,"['social security systems', 'loss of earning', 'unemployment', 'maternity', 'paternity']",tracker,"highly useful to categorize countries, but not crisis specific // by country (link leading to 2nd page containing pdf) // cover national social security programmes established by statute that insure individuals against interruption or loss of earnings and/or costs resulting from old age, invalidity or death; sickness and maternity or paternity; work injury or occupational disease; unemployment; and child raising and household subsistence",['0'],own_research_ILO,pending
NORMLEX (ILO) Information System on International Labour Standards,https://normlex.ilo.org/dyn/nrmlx_en/f?p=1000:11003::::::,international,A,"['national labour law', 'ratification of ils']",archive," likely limited use //  information on International Labour Standards (such as ratification information, reporting requirements, comments of the ILO's supervisory bodies, etc.) as well as national labour and social security laws // list of  countries (link leading to 2nd page (country) linking to several third pages, i.e. of conventions)",['0'],own_research_ILO,pending
"NATLEX (ILO) Database of National Labor, Social security legislations",https://natlex.ilo.org/dyn/natlex2/r/natlex/fe/home,international,A,['national labour law'],archive,"likely better use than NORMLEX // full texts or abstracts of legislation, with links to the sources of information // multi-lingual // drop-down tool with links to links // limit to drop-down cat.: 'Labour codes, general labour and employment acts'",['0'],own_research_ILO,pending
LEGOSH (ILO) Database Occupational Safety and Health,https://wwwex.ilo.org/dyn/legosh_en/f?p=14100:1000,international,B,"['safety and health at work', 'ohs inspections', ""workers' rights""]",archive,no longer updated // no data on Covid,['0'],own_research_ILO,nonfit
EPLex (ILO) Database Employment Protection,https://eplex.ilo.org/en#browse-by-country-section,international,A,"['termination of employment convention', 'employment protection', 'employer initiated dismissal']",archive," legal coverage of employment protection, regulations of the use of fixed-term contracts, regulations of probationary (trial) periods of regular (indefinite duration) contracts, valid and prohibited grounds for dismissal, categories of workers with special protection against dismissal, procedures for individual and for collective dismissals, redundancy and severance pay",['0'],own_research_ILO,nonfit
IRLEX (ILO) Legal Database on Industrial Relations,https://wwwex.ilo.org/dyn/irlex_en/f?p=14100:1000,international,A,"['industrial relations', 'trade unions', 'systematic provisions for ir']",archive,accessible summaries and legal texts on industrial relations across ILO member States,['0'],own_research_ILO,nonfit
CEELEX (ILO) Database Central and Eastern European Labour Legistlation,https://wwwex.ilo.org/dyn/ceelex_en/f?p=14100:1000,eu,A,"['labour rights', 'industrial relations', 'trade unions', 'systematic provisions for ir']",archive,"fundamental labour rights, such as freedom of association and collective bargaining, to working conditions (e.g. minimum wages, working hours), termination of employment contracts, labour dispute resolution, and regulation of non-standard forms of employment",['0'],own_research_ILO,nonfit
LPHub (ILO) Labor Provisions in Trade Agreements Hub,https://webapps.ilo.org/LPhub/#home,eu,A,"['bilateral trade agreements', 'international trade', 'free trade agreements']",tracker,"text of labour provisions in more than 100 bi- and pluri-lateral regional trade agreements, which engage about 140 economies // classification of labour provisions into categories",['0'],own_research_ILO,nonfit
EURlex - Query on Covid Social and Employment legislation,https://eur-lex.europa.eu/search.html?name=covid19%3Aemployment-and-social-policy&type=named&qid=1755183766053,eu,B,"['covid', 'social policy', 'employment']",archive,can be downloaded/requested as .csv set of all policies or opened individually as pdf or html // filter by EU institution or type of document // QUERY: CM~'covid19' AND (DC_CODED='5974' OR '35182' OR CT_CODED= 'SOCI' OR 'EMPL' OR CC='0520') ORDER BY XC DESC,['0'],own_research_EU,pending
EURlex - Query on 'financial crisis',https://eur-lex.europa.eu/search.html?lang=en&scope=EURLEX&qid=1755185275449&type=quick&text=%22financial+crisis%22&DD_YEAR=2008&sortOne=LEGAL_RELEVANCE_SORT&sortOneOrder=desc,eu,A,['financial crisis'],archive,can be downloaded/requested as .csv set of all policies or opened individually as pdf or html // filter by EU institution or type of document // QUERY: 'financial crisis' // query needs refinement,['0'],own_research_EU,pending
Covid Policy Tracker MENA,https://www.taylorfrancis.com/chapters/edit/10.4324/9781003266259-9/covid-19-policy-tracker-andreas-rechkemmer-ozcan-ozturk-anis-ben-brik-leslie-pal,international,B,"['wana', 'covid', 'social policy', 'economic policy', 'public health', 'covid containment/closure pol']",tracker,"unclear, if a dataset can be downloaded // journal article available // 12 Middle Eastern and North African countries: Algeria, Egypt, Jordan, Lebanon, Morocco, Tunisia, and the six Gulf Cooperation Council (GCC) states (Bahrain, Kuwait, Oman, Qatar, Saudi Arabia, the UAE)",['2020'],own_research,pending
API Deutscher Bundestag,https://dip.bundestag.de/%C3%BCber-dip/hilfe/api,germany,both,"['prints bt', 'protocolls parliament', 'german parliament']",API,"all law proposals and prints, protocolls, etc. notated by Vorgang (for follow-upwhat happened to law in Bundesrat etc) and including permanent links // results in json or xml",['0'],own_research,fit
API Legifrance,https://piste.gouv.fr/index.php?option=com_apiportal&view=apitester&usage=api&apitab=tests&apiName=L%C3%A9gifrance&apiId=7e5a0e1d-ffcc-40be-a405-a1a5c1afe950&managerId=3&type=rest&apiVersion=2.4.2&Itemid=202&swaggerVersion=2.0&lang=en,france,both,"['french laws', 'government regulations']",API,"official gov API // API via the PISTE portal // freely accessible, but requires registration // link may change when API test tool updated",['0'],own_research,fit
API Legislation UK,https://www.legislation.gov.uk/,united kingdom,both,"['uk laws', 'government regulations']",API,official gov API // see more: https://legislation.github.io/data-documentation/api/overview.html  /// API runs under same url as browser interface,['0'],own_research,fit
Legislation Archive Netherlands,https://wetten.overheid.nl/,netherlands,both,"['dutch laws', 'government regulations']",archive,"API only for metadata on all available datasets, but not on comprehens. fulltext legislation: https://data.overheid.nl/en/ondersteuning/data-publiceren/api // legis publications in Dutch",['0'],own_research,pending
World Bank Group Global Database on Social Protection Responses to COVID-19,https://documents.worldbank.org/en/publication/documents-reports/documentdetail/482751643897737073/global-database-on-social-protection-responses-to-covid-19,international,B,"['covid', 'social policy']",tracker,"a total of 3,856 social protection and labor measures  planned or implemented by 223 economies; contains details and categorizes; highly recommended by Lukas Lehner; csv-format","['2020', '2021', '2022']",own_research,fit
Liberalization Data Set (Armingeon/Baccaro),https://liberalization.org/,international,A,"['reform policy changes', 'labour law', 'unemployment', 'industrial relations']",tracker,"covers 37 advanced capitalist democracies between 1973 and 2013 and identifies a total of 12,426 reform policy changes (i.e., policy discontinuities) in 13 policy fields","['1973', '2013', '0']",own_research,fit
EU Commission LABREF Labour Market Reform Database,https://employment-social-affairs.ec.europa.eu/policies-and-activities/analysis-evaluation-impact-assessment-and-databases/databases-and-indicators/labref-labour-market-reform-database_en,eu,both,"['labour law', 'unemployment', 'short time working scheme', 'social assitance', 'employment subsidies', 'direct job creation schemes', 'job protection', 'statutory minima']",tracker,"records labour market and welfare policy measures introduced by the EU Member States // organised into 49 policy fields and further grouped in nine broad policy domains// year, description, scope, direction// csv-format","['1990', '2022', '0']",own_research,fit
WeSIS Global Dynamics of Social Policy,https://wesis.org/download_data,international,both,"['social policies', 'national attributes', 'labour market', 'labour law', 'unemployment', 'family and gender policies', 'social assistance', 'policy legacies', 'social structure', 'economic factors']",tracker,"from 1980s ongoing // 1. the introduction of state social policies, their generosity, inclusiveness, development over time; 2. trans- and international (inter-)dependencies and linkages between entities; 3. national attributes (like policy legacies, social structure, econ/fin factors) // must select out of many indicators // highly recommended Lukas Lehner// csv-format",['0'],own_research,fit
OUTWB Stockholm Uni Social Policy Indicators Database,https://www.su.se/social-policy-indicators-database/data?open-collapse-boxes=,international,both,"['social policies', 'unemployment']",database,includes 41 countries covering the years 2001-2022// distinguishes between overall income replacement rates in out-of-work benefits and the distribution of income replacement across earnings categories // csv-format,"['2001', '2022', '0']",own_research,pending
SAMIP Stockholm Uni Social Policy Indicators Database,https://www.su.se/social-policy-indicators-database/data?open-collapse-boxes=,international,both,"['social policies', 'social assistance', 'minimum income', 'benefit levels']",database,"includes 34 industrialzed welfare democracies and observations are for every year 1990-2019 // Standard social assistance benefits are most often intended to meet certain basic and regular needs except housing // benefit levels have been calculated for three typical households; a single person, a lone parent, and a two parent family // csv-format","['1990', '2019', '0']",own_research,pending
SCIP Stockholm Uni Social Policy Indicators Database,https://www.su.se/social-policy-indicators-database/data?open-collapse-boxes=,international,both,"['social policies', 'social insurance']",database,"discontinued and integrated into SIED, therefore nonfit","['1990', '2019', '0']",own_research,nonfit
SIED Stockholm Uni Social Policy Indicators Database,https://www.su.se/social-policy-indicators-database/data?open-collapse-boxes=,international,both,"['social policies', 'social insurance']",database,"annual data for 37 countries from 2000 to 2023 //  Earlier versions of SIED cover five-year intervals from 1930–2020 // five major programs, including old age pensions and benefits in cases of sickness, unemployment and work accidents","['2000', '2023', '0']",own_research,pending
Eurofound EU PolicyWatch,https://static.eurofound.europa.eu/covid19db/database.html,eu,both,"['social policies', 'covid', 'inflation', 'national policies']",database,"does not include fin crisis 2008, but recent inflation // collates information on the responses of government and social partners to the COVID-19 crisis, the war in Ukraine, rising inflation, aimed at mitigating the social and economic impacts // html-database, with hyperlinks to other htmls for specific policies (no direct download?)",['0'],own_research,fit
