Key,Item Type,Publication Year,Author,Title,Publication Title,ISBN,ISSN,DOI,Url,abstract,Date,Date Added,Date Modified,Access Date,Pages,Num Pages,Issue,Volume,Number Of Volumes,Journal Abbreviation,Short Title,Series,Series Number,Series Text,Series Title,Publisher,Place,Language,Rights,Type,Archive,Archive Location,Library Catalog,Call Number,Extra,Notes,File Attachments,Link Attachments,Manual Tags,Automatic Tags,Editor,Series Editor,Translator,Contributor,Attorney Agent,Book Author,Cast Member,Commenter,Composer,Cosponsor,Counsel,Interviewer,Producer,Recipient,Reviewed Author,Scriptwriter,Words By,Guest,Number,Edition,Running Time,Scale,Medium,Artwork Size,Filing Date,Application Number,Assignee,Issuing Authority,Country,Meeting Name,Conference Name,Court,References,Reporter,Legal Status,Priority Numbers,Programming Language,Version,System,Code,Code Number,Section,Session,Committee,History,Legislative Body
58ZDT53M,journalArticle,2024,"Homanen, R.; Meskus, M.",Population anxieties in constituting Nordic welfare state futures: affective biopolitics in the age of environmental crises,BioSocieties,,,10.1057/s41292-023-00300-3,https://www.scopus.com/inward/record.uri?eid=2-s2.0-85150950029&doi=10.1057%2Fs41292-023-00300-3&partnerID=40&md5=bd9c7935e71c32860e04ef68d57ac422,"Declining fertility rates across world have generated deep concern among different stakeholders. In 2019, Finland’s fertility rate was at an ‘ultra-low’ 1.35 children per woman. Investigating the affective work of policymaking on population issues—‘population anxieties’—in a Nordic welfare state, this article constructs a genealogy of the affective biopolitics of populations in Finland. Drawing from a corpus of historical and recent materials, the article explores how population policy has invited and harnessed emotional orientation towards certain collective futures, while being disclosive of others. The analysis focuses on the issues of ‘fertility decline’ and ‘the environment’, and the reconfigurations of the population–environment nexus over the past decades. The article argues that persistent concerns about depopulation through ultra-low fertility underlie the affective stakes of Nordic biopolitics. Meanwhile, there is evident resistance to connecting population policy concerns with the climate crisis in the Nordic context. While in the so-called developing countries, demographic and ecological futures are seen mutually constitutive, the connection is not perceived as relevant to the Finnish welfare state. This is so despite Finland belonging to the affluent part of the world that is the largest producer of carbon dioxide emissions. © The Author(s) 2023.",2024,12/29/2025 21:46,12/29/2025 21:46,,232-258,,2,19,,,,,,,,,,English,,,Scopus,,,,,,,,Affect; Biopolitics; Climate crisis; Fertility decline; Nordic welfare state; Population policy,,,,,,,,,,,,,,,,,,,,,,,,,,,,,,,,,,,,,,,,,,,,,,,
NTAPKZLX,journalArticle,2024,"Lee, E.K.; Kim, T.K.",The Shift of U.S. Public Attitudes Toward Welfare State: A Cohort Comparison between Pre and Post Economic Crisis Era,Social Work and Society,,,,https://www.scopus.com/inward/record.uri?eid=2-s2.0-105004399244&partnerID=40&md5=b1a7001d1c3b66617c0df04332e7f9cf,,2024,12/29/2025 21:46,12/29/2025 21:46,,15-Jan,,2,22,,,,,,,,,,English,,,Scopus,,,,,,,,,,,,,,,,,,,,,,,,,,,,,,,,,,,,,,,,,,,,,,,,,,,,,,,
BUTXJU9H,journalArticle,2023,"Börner, S.; Sasse-Zeltner, U.",Solidarity During Crises. The Importance of Welfare State Solidarity in Times of Crisis,Zeitschrift fur Soziologie,,,10.1515/zfsoz-2023-2011,https://www.scopus.com/inward/record.uri?eid=2-s2.0-85161211968&doi=10.1515%2Fzfsoz-2023-2011&partnerID=40&md5=9180eeb740e26951f4eba4b547a2fd22,"This paper examines the crisis-specific impact of the Covid 19 pandemic on welfare state solidarity during the first wave of infection and the first lockdown from March to May 2020. We combine a sociological understanding of solidarity in the context of the welfare state with sociological reflections on crisis-specific solidarity and a differentiation-theoretical perspective on institutional change. By means of a structuring content analysis of the Bundestagsplenarprotokolle, an intra-parliamentary solidarity pressure is traced that leads to crisis-specific Vergemeinschaftung. Through the qualitative analysis of the parliamentary debates, we also clarify the temporary limitation of this connection, which made the resumption of party-political solidarity conflicts possible in the first place after the successful reconstitution of a common normative basis of the members of parliament. On a further level, we elaborate the stabilizing function of welfare state solidarity as an abstract normative guiding idea (Leitidee), which also exerts its effect in conflictual negotiations of social policy measures. © 2023 bei den Autorinnen und Autoren.",2023,12/29/2025 21:46,12/29/2025 21:46,,126-142,,2,52,,,Krisenspezifische Solidarität. Der Stellenwert wohlfahrtstaatlicher Solidarität in Krisenzeiten,,,,,,,German,,,Scopus,,,,,,,,Covid-19; Welfare State; Crisis Management; Durkheim; Labour Market Policies; Social Policy; Solidarity,,,,,,,,,,,,,,,,,,,,,,,,,,,,,,,,,,,,,,,,,,,,,,,
ZGM9YNQJ,journalArticle,2023,"Schmidt, T.D.; Mitze, T.",Crisis and the welfare state: the role of public employment services for job placement and the Danish flexicurity system during COVID-19,"Cambridge Journal of Regions, Economy and Society",,,10.1093/cjres/rsad002,https://www.scopus.com/inward/record.uri?eid=2-s2.0-85153621317&doi=10.1093%2Fcjres%2Frsad002&partnerID=40&md5=7a146bf7e3108fa213912e4a2ae3f855,"Denmark is a Nordic welfare state with local government autonomy in public service provision related to workfare policies. We use a policy experiment that re-opened on-site public employment services after the first COVID-19 lockdown in a spatially staggered manner to provide evidence on the effect of public employment services on job placement during a crisis. Early re-opening of on-site public employment services is associated with a better local labour market performance. It particularly benefits low-skilled unemployed and rural areas with specific sector mixes and demographic structures, why workfare-oriented welfare state arrangements remain important to counter social and regional imbalances. © 2023 The Author(s).",2023,12/29/2025 21:46,12/29/2025 21:46,,65-79,,1,16,,,,,,,,,,English,,,Scopus,,,,,,,,COVID-19; welfare state; public service; welfare provision; labor market; Denmark; local government; employment generation; geography; local labour markets; public employment services; skill levels,,,,,,,,,,,,,,,,,,,,,,,,,,,,,,,,,,,,,,,,,,,,,,,
MMNR6AM7,journalArticle,2023,"Busemeyer, M.R.",Financing the welfare state in times of extreme crisis: public support for health care spending during the Covid-19 pandemic in Germany,Journal of European Public Policy,,,10.1080/13501763.2021.1977375,https://www.scopus.com/inward/record.uri?eid=2-s2.0-85115662368&doi=10.1080%2F13501763.2021.1977375&partnerID=40&md5=403549e203791976d5bc7ae068be661c,"Employing new and original survey data collected in three waves (April/May and November 2020 as well as May 2021) in Germany, this paper studies the dynamics of individual-level support for additional health care spending. A first major finding is that, so far, health care spending preferences have not radically changed during the Covid-19 pandemic, at least at the aggregate level. A more detailed analysis reveals, secondly, that individual-level support for additional spending on health care is strongly conditioned by performance perceptions and, to a lesser extent, general political trust. Citizens who regard the system as badly (well) prepared to cope with the crisis are more likely to support (oppose) additional spending. Higher levels of political trust are also positively associated with spending support, but to a lesser degree. The paper concludes by discussing the implications of these findings for policy-making and welfare state politics in the post-pandemic era. © 2021 The Author(s). Published by Informa UK Limited, trading as Taylor & Francis Group.",2023,12/29/2025 21:46,12/29/2025 21:46,,21-40,,1,30,,,,,,,,,,English,,,Scopus,,,,,,,,Germany; Covid-19 pandemic; political trust; health care spending; welfare state attitudes,,,,,,,,,,,,,,,,,,,,,,,,,,,,,,,,,,,,,,,,,,,,,,,
ZDMN46F7,journalArticle,2022,"Budzi, J.",Unpacking the Crisis in Zimbabwe: Implications for the Welfare State,African Renaissance,,,10.31920/2516-5305/2022/19n3a9,https://www.scopus.com/inward/record.uri?eid=2-s2.0-85154594504&doi=10.31920%2F2516-5305%2F2022%2F19n3a9&partnerID=40&md5=ba09ffe1ff91c6d1c1c2450104507716,"The history of transformation in Zimbabwe has left a policy landscape characterised by serious problems, including whole scale collapse of social services throughout the country and the reduced ability of the state to provide basic needs. Demonstrating the negative consequences of inappropriate economic policies and wrong political decisions, Zimbabwe has failed to realize its potential for progressive social policy. This paper is an attempt to draw attention to social protection programmes in Zimbabwe and how they are failing to secure the welfare and wellbeing of citizens. The paper recommends a move towards a developmental welfare state to capture the interconnectedness of welfarism, production structures and international economic integration. © 2022 Adonis and Abbey Publishers Ltd. All rights reserved.",2022,12/29/2025 21:46,12/29/2025 21:46,,177-193,,3,19,,,,,,,,,,English,,,Scopus,,,,,,,,Welfare State; Social Policy; Social Protection; Zimbabwean Crisis,,,,,,,,,,,,,,,,,,,,,,,,,,,,,,,,,,,,,,,,,,,,,,,
E8IXPZUP,journalArticle,2022,"Bello, V.",Prejudice and Cuts to Public Health and Education: A Migration Crisis or a Crisis of the European Welfare State and Its Socio-Political Values?,Societies,,,10.3390/soc12020051,https://www.scopus.com/inward/record.uri?eid=2-s2.0-85127507120&doi=10.3390%2Fsoc12020051&partnerID=40&md5=7881ab22a3774375ba6d11bedf2310f7,"The past few years have witnessed the development of prejudiced attitudes in some places in Europe. Biases alike are often considered a consequence of increased migratory movements to the continent and have also been connected to a more general crisis of the European Union political project. However, societies have diversely responded to migration even in countries presenting similar economic performances and immigrant inflows. Akin different reactions have raised some important questions: is prejudice connected to a broader European crisis and what does the latter consist of? This article responds to these research questions through a multilevel analysis of 24 European countries, and shows that the percentages of migrant population alone are not associated to anti-migrant sentiments. Such a situation has instead been the case only in those countries that have concurrently experienced cuts to the two key public sectors of education and health care, which constituted the pillars of the European Welfare State and one of the cores of the European Union’s political project. © 2022 by the author. Licensee MDPI, Basel, Switzerland.",2022,12/29/2025 21:46,12/29/2025 21:46,,,,2,12,,,,,,,,,,English,,,Scopus,,,,,,,,European Social Model; immigration; multilevel analysis; prejudice; public education; public health care,,,,,,,,,,,,,,,,,,,,,,,,,,,,,,,,,,,,,,,,,,,,,,,
9K8PHCFC,journalArticle,2022,"Matos, C.S.",Household Income Instability: Portuguese Welfare State Meets the Eurozone Crisis,Journal of Economic Issues,,,10.1080/00213624.2022.2079935,https://www.scopus.com/inward/record.uri?eid=2-s2.0-85139245325&doi=10.1080%2F00213624.2022.2079935&partnerID=40&md5=b3813a264ed58754b13866d0571fd66f,"This article approaches welfare state evolution in terms of protection against household income volatility. It maintains wage earner household income instability emerges from firm routines, household habits, and welfare state provisions. It considers the impact of austerity measures in the context of a longer trend of labor market institutional evolution. Prior to austerity-driven measures, labor market developments shifted risk from firms to state and households. Austerity measures amplified previous trends and left household incomes exceedingly exposed to effective demand risk. © 2022, Journal of Economic Issues / Association for Evolutionary Economics.",2022,12/29/2025 21:46,12/29/2025 21:46,,758-769,,3,56,,,,,,,,,,English,,,Scopus,,,,,,,,welfare state; social insurance; Portugal; employment protection; institutionalism,,,,,,,,,,,,,,,,,,,,,,,,,,,,,,,,,,,,,,,,,,,,,,,
QP35T9SW,journalArticle,2021,"Cantillon, B.; Seeleib-Kaiser, M.; van der Veen, R.",The COVID-19 crisis and policy responses by continental European welfare states,Social Policy and Administration,,,10.1111/spol.12715,https://www.scopus.com/inward/record.uri?eid=2-s2.0-85102620466&doi=10.1111%2Fspol.12715&partnerID=40&md5=a23183a5957ce03e1d511df29c39c308,"Social protection in Germany, Belgium and the Netherlands share Bismarckian roots. Over time, these welfare states were however in constant flux and incorporated to a greater or lesser extend elements of both the Anglo-Saxon and Nordic models. While the Netherlands has from the beginning deviated from the Bismarckian model, in recent years this welfare state has undergone important reforms that have made it increasingly evolve into a “Bismarck cum Beveridge” model. Germany and Belgium also witnessed a dual transformation, with retrenched earnings-related benefits for long-term unemployed and an increasing number of atypically employed people on the one hand and expanded social security to the so-called “new social risks” on the other. It is against this changing institutional background that we can understand the similarities and differences in the extent to which these three continental welfare states used traditional social insurance systems to buffer the social and economic consequences of confinement. First, all three countries strengthened to varying degrees social protection systems for the active age population. So conceived, the policy responses were a response to the dual transformation of social protection that took place in recent decades without, however, changing its course. Second, the extent to which continental welfare states made use of existing social insurance schemes seems to be related to the extent to which these welfare states have moved in the Anglo-Saxon direction. © 2021 John Wiley & Sons Ltd",2021,12/29/2025 21:46,12/29/2025 21:46,,326-338,,2,55,,,,,,,,,,English,,,Scopus,,,,,,,,public policy; COVID-19; Germany; social policy; coronavirus; European Union; welfare reform; social security; insurance system; Netherlands; Belgium; Coronavirus; income transfers; viral disease,,,,,,,,,,,,,,,,,,,,,,,,,,,,,,,,,,,,,,,,,,,,,,,
WJDETSZM,journalArticle,2021,"Grazhevska, N.; Mostepaniuk, A.",The development of corporate social responsibility in the context of overcoming a welfare state crisis: A theoretical and empirical analysis,Comparative Economic Research,,,10.18778/1508-2008.24.07,https://www.scopus.com/inward/record.uri?eid=2-s2.0-85107499144&doi=10.18778%2F1508-2008.24.07&partnerID=40&md5=e3b4fa1dbe605621b61733fc57b84e22,"The current social crisis, caused by the negative consequences of globalization, labor migration, and an aging population, requires the state’s role in economic and social spheres to be reconsidered. In order to achieve and maintain sustainable economic growth, the pressing social problems, such as poverty, hunger, discrimination, and the unequal distribution of income, should be solved. Under these circumstances, the pa‑ per investigates the process of forming a welfare state to evaluate the role of current states in this period of social crisis. To achieve the aim, the following methods were used: historical and systematic analysis of the scientific literature and socio‑economic conditions of the evolution of theoretical approaches of the welfare state, and the causes and characteristics of the present social crisis; cluster analysis of European countries to find similar patterns based on the level of corporate social responsibility (CSR) development, state social expenditures, and the government budget balance. The paper contains a detailed analysis and discussion of the formation of a welfare state. The study concludes that the process of delegating some state social services to the private sector in the form of CSR can be considered an efficient mechanism to eliminate and overcome the current social crisis through the accumulation of social capital. At the same time, the results of the cluster analysis of European countries demonstrated the importance of CSR development as a compensator for the negative effects of a public welfare crisis and for solving pressing social problems in most Eu‑ ropean countries. Specific features of post‑socialist countries in the context of social orientation of state policy and the development of CSR are highlighted. © 2021 Sciendo. All rights reserved.",2021,12/29/2025 21:46,12/29/2025 21:46,,123-140,,1,24,,,Rozwój społecznej odpowiedzialności biznesu w kontekście przezwyciężenia kryzysu państwa opiekuńczego: próba analizy teoretycznej i empirycznej,,,,,,,English,,,Scopus,,,,,,,,Welfare state; Social policy; Social protection; Corporate social responsibility; Social crisis,,,,,,,,,,,,,,,,,,,,,,,,,,,,,,,,,,,,,,,,,,,,,,,
U6FEDYAT,journalArticle,2021,"Eichhorst, W.; Peressoni, M.",Employment Dualism in Crisis: Labour Market and Welfare State Reforms before and during COVID-19∗,Sociologia del Lavoro,,,10.3280/SL2021-159001,https://www.scopus.com/inward/record.uri?eid=2-s2.0-85106502954&doi=10.3280%2FSL2021-159001&partnerID=40&md5=73ff1a82bb60a431155153b79abc2ab0,"Dual labour markets have been a specific feature of employment systems in Continental Europe after an initial wave of deregulation that started in the 1980s in a situation of high and persistent unemployment. Since then, the institutional dualisation of employment by type of contract has had massive implications on the quality and quantity of jobs. However, while dualisms were conceived as inevitable and stable, the perception has become more nuanced and dynamic, accounting for partial dedualising steps observable over the last decade in particular. This paper gives an overview of the history of dualisation and dual labour markets before addressing current challenges arising from the digital transition and the COVID-19 pandemic. It concludes with a discussion about potential policies to overcome labour market dualisms. © © FrancoAngeli",2021,12/29/2025 21:46,12/29/2025 21:46,,27-Jul,,159,,,,,,,,,,,English,,,Scopus,,,,,,,,Dual labour markets; Dualisation; Non-standard employment,,,,,,,,,,,,,,,,,,,,,,,,,,,,,,,,,,,,,,,,,,,,,,,
JC5KVLEU,journalArticle,2021,"Rysavy, D.",One crisis after another? how much has the covid-19 pandemic impacted opinions on welfare-state priorities,"Scientific Papers of the University of Pardubice, Series D: Faculty of Economics and Administration",,,10.46585/sp29011237,https://www.scopus.com/inward/record.uri?eid=2-s2.0-85104506881&doi=10.46585%2Fsp29011237&partnerID=40&md5=373b173ad2299a3cea0534b893d9f7f6,"With rising spending during the COVID-19 pandemic, the state has become involved in decision-making in areas where it has held back for years. In the case of housing the state's role has declined sharply since 1989, and the expectation that housing is the private responsibility of each individual and his or her family has strengthened over time as has the homeownership norm. Many measures introduced in the acute phase of the pandemic related in some way to housing and housing quality, such as efforts to ensure social distancing, reduce social contacts, etc. State interventions correspond to the normative assumption that, with some exceptions, the state should not get involved in housing. In this study, we examine the effects of three global crises - the financial crisis, housing affordability, and the pandemic - based on how citizens rank the priorities of the welfare state. Special attention is paid to housing support and how young people differ in evaluation of welfare state priorities. This means people who on the one hand largely make up the net payers in the welfare state and those who have been affected most by the current crisis in housing affordability. The changes in public opinion during the pandemic resemble a Mikado game, a game of pick-up sticks, with health care being deemed the highest priority set apart from the barely distinguishable cluster of other welfare state provisions. © The Author(s) 2021.",2021,12/29/2025 21:46,12/29/2025 21:46,,,,1,29,,,,,,,,,,English,,,Scopus,,,,,,,,Welfare State; Covid-19 Pandemic; Global Crisis; Housing; Public Opinion; Young People,,,,,,,,,,,,,,,,,,,,,,,,,,,,,,,,,,,,,,,,,,,,,,,
NXQNITDB,journalArticle,2020,"Buendía, L.; Gómez Serrano, P.J.; Molero-Simarro, R.",Gone with the Crisis? Welfare State Change in Europe Before and Since the 2008 Crisis,Social Indicators Research,,,10.1007/s11205-020-02286-y,https://www.scopus.com/inward/record.uri?eid=2-s2.0-85088606735&doi=10.1007%2Fs11205-020-02286-y&partnerID=40&md5=f54563981cdc4bf4d4ce23f922bf8f56,"The economic crisis has undoubtedly impacted welfare states through the austerity policies prioritised to purportedly lead economies back to a growth path. In this paper, we assess the effects of the crisis in those welfare states, focusing on income benefits and analysing cases of welfare state change before the crisis via gross replacement rates available through the OECD tax/benefits database. We begin with a literature review on impacts of the crisis on welfare states, then focus on our hypothesis that retrenchment trends were already in motion before the crisis. From our point of view, this is relevant to understanding the evolution of welfare states since 2001, particularly those effects attributable to the crisis (versus those that are not); this may also be of help in the prediction of future trends. © 2020, Springer Nature B.V.",2020,12/29/2025 21:46,12/29/2025 21:46,,243-264,,1,150,,,,,,,,,,English,,,Scopus,,,,,,,,Welfare state; income; welfare impact; state role; Europe; Adjustment policies; financial crisis; Income benefits; OECD; Replacement rates; Social regress,,,,,,,,,,,,,,,,,,,,,,,,,,,,,,,,,,,,,,,,,,,,,,,
TAW33LGU,journalArticle,2019,"Kalogeraki, S.","Health inequalities, welfare state regimes and economic crisis: A comparative analysis in Sweden, Greece and Poland",Journal of Health and Social Sciences,,,10.19204/2019/hlth8,https://www.scopus.com/inward/record.uri?eid=2-s2.0-85147490095&doi=10.19204%2F2019%2Fhlth8&partnerID=40&md5=b7a30db419f9deebee31161f2d90d3e0,"Introduction: The aim of this paper is to explore individual-level determinants of health inequalities across three European countries (Sweden, Greece and Poland) with different welfare systems and differently affected by the recent economic crisis. Methods: The data derived from an original cross-national survey conducted in the context of the EU-funded LIVEWHAT project. The Chi-Square Test of Independence was used to examine potential differences in specific demographic traits, in socio-economic status and living conditions as well as in bridging and bonding social capital between individuals reporting poor health across Sweden, Greece and Poland. Binary logistic regression models were used to predict poor self-rated health based on the aforementioned predictors in the three countries under study. Results: Poor self-rated health was more prevalent in Poland (42.8%), the lowest prevalence rate was in Sweden (30.4%) followed by Greece (31.9%). The Chi-Square Test of Independence indicated significant differences between respondents reporting having poor health across the three countries with respect to their demographic characteristics, socio-economic status, socio-economic living conditions, and bridging social capital. The binary logistic regression analysis showed that specific indicators of lower socio-economic status and of adverse living conditions were more strongly associated with poor self-rated health in Greece and Poland, whereas individual traits associated with socio-economic living conditions were less important in predicting poor self-rated health in Sweden when taking into account individuals’ bridging and bonding social capital. Overall the lack of different forms of social capital was more strongly related to poor self-rated health in Sweden than in the other two countries. Discussion and Conclusion: Material explanations might be relatively more important in elucidating health outcomes in contexts with less generous welfare states, which were more severely affected by the recent economic crisis such as Greece and Poland, whereas social capital might be more decisive for health outcomes in a wealthy country with a universal welfare state such as Sweden. © 2019.",2019,12/29/2025 21:46,12/29/2025 21:46,,213-232,,2,4,,,,,,,,,,English,,,Scopus,,,,,,,,inequality; Europe; social capital; welfare states; economic crisis; Self-rated health,,,,,,,,,,,,,,,,,,,,,,,,,,,,,,,,,,,,,,,,,,,,,,,
8YHCDNZQ,journalArticle,2019,"Calado, A.; Capucha, L.; Estêvão, P.",Welfare state development in Portugal from “stage zero” to the post-crisis “leftist” compromise against austerity,Comparative Sociology,,,10.1163/15691330-12341515,https://www.scopus.com/inward/record.uri?eid=2-s2.0-85077261522&doi=10.1163%2F15691330-12341515&partnerID=40&md5=f6be18376c9e583255180d04b80f7b78,"The break with austerity policies in Portugal, carried out after 2015 by a Socialist government supported in parliament by parties on its left, famously named the “contraption”, has gained widespread attention throughout Europe and beyond. This is primarily because the “reversal” of austerity has been successful, restoring social rights and living standards while maintaining the state's financial equilibrium. The emergence of this innovative political solution cannot be understood without reference to the history of the Portuguese welfare state and the debates surrounding its future. For this reason, this article will cover how the Portuguese social model took shape after the democratic turn in 1974, the political and social consensus that underpins it and the political forces that vie for its transformation. © Koninklijke Brill NV, Leiden, 2019",2019,12/29/2025 21:46,12/29/2025 21:46,,658-686,,6-May,18,,,,,,,,,,English,,,Scopus,,,,,,,,Welfare state; welfare provision; state role; European Union; financial crisis; democracy; Austerity; Portugal; debt crisis; local government; Contraption; Euro crisis; financial system,,,,,,,,,,,,,,,,,,,,,,,,,,,,,,,,,,,,,,,,,,,,,,,
CEIPQ3DE,journalArticle,2019,"Steinebach, Y.; Knill, C.; Jordana, J.",Austerity or welfare state transformation? Examining the impact of economic crises on social regulation in Europe,Regulation and Governance,,,10.1111/rego.12174,https://www.scopus.com/inward/record.uri?eid=2-s2.0-85032184702&doi=10.1111%2Frego.12174&partnerID=40&md5=87eaed8150af5d938495c846126f208c,"This article provides an encompassing analysis of how economic crises affect social regulation. The analysis is based on an innovative dataset that covers policy output changes in 13 European countries over a period of 34 years (1980–2013) in the areas of pensions, unemployment, and child benefits. By performing a negative binomial regression analysis, we show that economic crises do matter for social policymaking. Our main empirical finding is that crises impinge on social regulation by opening a window of opportunity that facilitates the dismantling of social policy standards. Yet crisis-induced policy dismantling is restricted to adjustments based on existing policy instruments. We do not find significant variation in policymaking patterns across different macroeconomic conditions for the more structural elements of social policy portfolios, such as the envisaged social policy targets or the policy instruments applied. This suggests that economic crises do not lead to a profound transformation of the welfare state but to austerity. © 2017 John Wiley & Sons Australia, Ltd",2019,12/29/2025 21:46,12/29/2025 21:46,,301-320,,3,13,,,,,,,,,,English,,,Scopus,,,,,,,,social policy; crisis; policy dismantling; policy instrument; social regulation,,,,,,,,,,,,,,,,,,,,,,,,,,,,,,,,,,,,,,,,,,,,,,,
9N8ZZT5F,journalArticle,2018,"Jahn, D.",Distribution regimes and redistribution effects during retrenchment and crisis: A cui bono analysis of unemployment replacement rates of various income categories in 31 welfare states,Journal of European Social Policy,,,10.1177/0958928717739249,https://www.scopus.com/inward/record.uri?eid=2-s2.0-85046020943&doi=10.1177%2F0958928717739249&partnerID=40&md5=db8fd9996f69fdf5aa94916d5aa89e0e,"This article analyses redistribution effects during retrenchment and crisis in 31 welfare states using a new data set from a refined analysis of unemployment replacement rates of low-, middle- and high-income levels (Comparative Welfare Entitlements Dataset 2 (CWED2)). Starting by identifying four distribution regimes before the economic crisis, the analysis shows that these regimes determine the redistribution of unemployment benefits during the period of retrenchment. As expected, equality-oriented capitalism redistributes in favour of the low-income levels and status-oriented and competitiveness-oriented capitalism have no redistribution effects. More interesting is the redistribution effect of a fourth regime type which favours high-income groups and which is present in both Western (Mediterranean) and Central and Eastern European countries. Another intriguing finding is that – with some notable exceptions – the period of retrenchment has been characterized by sparing the low-income groups from severe cuts. This has changed in the current economic crisis where this group has experienced severe cuts in their benefits. The reaction to the crisis is also more strongly determined by immediate needs and is not as well explained by the distribution regimes. © The Author(s) 2017.",2018,12/29/2025 21:46,12/29/2025 21:46,,433-451,,5,28,,,,,,,,,,English,,,Scopus,,,,,,,,income; welfare state; welfare provision; retrenchment; low income population; financial crisis; article; human; unemployment; welfare; capitalism; Central Europe; competitiveness; Crisis; Eastern Europe; economic conditions; highest income group; investment; lowest income group; redistribution; replacement rates; Western Europe,,,,,,,,,,,,,,,,,,,,,,,,,,,,,,,,,,,,,,,,,,,,,,,
SYYXYLGW,journalArticle,2018,"Dukelow, F.; Kennett, P.","Discipline, debt and coercive commodification: Post-crisis neoliberalism and the welfare state in Ireland, the UK and the USA",Critical Social Policy,,,10.1177/0261018318762727,https://www.scopus.com/inward/record.uri?eid=2-s2.0-85043364801&doi=10.1177%2F0261018318762727&partnerID=40&md5=634d5480e6d3d62f58458b8f4c0cec5b,"Ireland, the UK and the USA are heterogeneous examples of liberal worlds of welfare capitalism yet all three countries were deeply implicated in the 2008 global financial crisis. Examining these three countries together provides the opportunity to further develop an international comparative political economy of instability in the context of the globalised and financialised dimensions of Anglo-liberal capitalism and disciplinary governance. Our analysis is guided by the concept of disciplinary neoliberalism (Gill, 1995) through which we explore: (i) the dynamics that have shaped the impacts of and responses to the Great Recession; (ii) the ways in which state-market relations, shaped by differentiated accommodations to market imperative or market discipline, have been used as disciplinary tools and how these have interacted with existing social divisions and iii) the implications for shaping conditions for resistance. We suggest that the neoliberal pathways of each country, whilst not uniform, mark a ‘step-change’ and acceleration in the operation of disciplinary neoliberalism, and is particularly evident in what we identify as the coercive commodification of social policy. © 2018, The Author(s) 2018.",2018,12/29/2025 21:46,12/29/2025 21:46,,482-504,,3,38,,,,,,,,,,English,,,Scopus,,,,,,,,welfare state; political economy; comparative study; article; human; policy; welfare; welfare economics; capitalism; United Kingdom; Ireland; United States; acceleration; Anglo-liberal capitalism; coercive commodification; commodification; debt; disciplinary neoliberalism; gill; market; neoliberalism; post-crisis,,,,,,,,,,,,,,,,,,,,,,,,,,,,,,,,,,,,,,,,,,,,,,,
M2HHGGRE,journalArticle,2018,"Kushi, S.; McManus, I.P.","Gender, crisis and the welfare state: Female labor market outcomes across OECD countries oa",Comparative European Politics,,,10.1057/cep.2016.21,https://www.scopus.com/inward/record.uri?eid=2-s2.0-85048367731&doi=10.1057%2Fcep.2016.21&partnerID=40&md5=eddb6a0bee34c4f80c93ac9da378523a,"The 2008 global economic crisis has had profound social and economic consequences across states. In addition to cross-national social and economic disparities, the crisis generated increased domestic divisions between labor market insider and outsider groups. This article analyzes the impact of the global economic crisis on female workers across advanced welfare states. While considerable attention has been given to the impact of the Great Recession on financial markets and employment sectors, we argue that the crisis had an important gendered effect across advanced capitalist states that remains significantly underexplored. In particular, we examine the divergent ways in which distinct welfare systems and their cultural underpinnings shape labor market access and levels of social protection for women. In this endeavor, we integrate literature on welfare systems, feminist political economy and financial crisis to examine the relationship between social protection structures, cultural legacies and gender inequalities - which manifests most strongly during times of economic crisis. Our hierarchical panel model of 28 countries across 7 years is supplemented by cultural and survey data. Our findings not only give an important analysis of an understudied aspect of the global economic crisis, but also provide policy implications for more gender-conscious crisis management responses going forward. © 2016 Macmillan Publishers Ltd.",2018,12/29/2025 21:46,12/29/2025 21:46,,434-463,,3,16,,,,,,,,,,English,,,Scopus,,,,,,,,gender; OECD; dualization; welfare regimes; economic crisis; female employment,,,,,,,,,,,,,,,,,,,,,,,,,,,,,,,,,,,,,,,,,,,,,,,
RA3VPGYJ,journalArticle,2018,"Buchardt, M.",The “Culture” of Migrant Pupils: A Nation- and Welfare-State Historical Perspective on the European Refugee Crisis,European Education,,,10.1080/10564934.2017.1394162,https://www.scopus.com/inward/record.uri?eid=2-s2.0-85051843416&doi=10.1080%2F10564934.2017.1394162&partnerID=40&md5=f2e1f7f110d7cc85f3753c65551bae22,"Culture seems to function as a central explanation when refugees and other migrants are framed as a risk and a challenge in European and national politics across the member states, including educational politics. Based on the case of Denmark during the 1970s, the article unfolds how education historically has been an arena for the internal bordering of the nation in the context of a welfare state model by means of the category of culture. © 2018, Copyright © Taylor & Francis Group, LLC.",2018,12/29/2025 21:46,12/29/2025 21:46,,58-73,,1,50,,,,,,,,,,English,,,Scopus,,,,,,,,History of education; migrant pupils; pedagogization; the category of culture; welfare state and nation,,,,,,,,,,,,,,,,,,,,,,,,,,,,,,,,,,,,,,,,,,,,,,,
PXRG7EVR,journalArticle,2018,"Sacchi, S.",The Italian Welfare State in the Crisis: Learning to Adjust?,South European Society and Politics,,,10.1080/13608746.2018.1433478,https://www.scopus.com/inward/record.uri?eid=2-s2.0-85044068179&doi=10.1080%2F13608746.2018.1433478&partnerID=40&md5=f647e4663d46a009165acc804236e8c3,"After a decade of inertia, that left it unprepared to withstand the blow of the great recession, the Italian welfare state has witnessed significant changes since 2012. Externally driven consolidation in the wake of the sovereign debt crisis spurred yet another wave of social policy reforms after that of the 1990s. These reforms did not however invariably entail retrenchment. Both the Monti and the Renzi governments combined liberalisation with expansion of social rights, particularly in income support. As a result, the Italian welfare state looks more comprehensive than it was before the crisis. At the same time, there was no overall strategy of welfare modernisation based on coordinated social investment measures. The changes in Italian social policy since the outburst of the great recession highlight the importance of domestic politics interacting with external drivers of change. They also facilitate an assessment of the opportunity structures for further reforms in a political system that appears to be veering again towards consensus democracy. © 2018 Informa UK Limited, trading as Taylor & Francis Group.",2018,12/29/2025 21:46,12/29/2025 21:46,,29-46,,1,23,,,,,,,,,,English,,,Scopus,,,,,,,,social policy; social investment; welfare state; political economy; government; welfare economics; modernization; policy reform; Italy; liberalization; national politics; debt crisis; sovereignty; Jobs Act; Monti government; Renzi government; small and medium-sized enterprise,,,,,,,,,,,,,,,,,,,,,,,,,,,,,,,,,,,,,,,,,,,,,,,
X87A3CV6,journalArticle,2016,"Leoni, T.",Social investment: A guiding principle for welfare state adjustment after the crisis?,Empirica,,,10.1007/s10663-016-9348-0,https://www.scopus.com/inward/record.uri?eid=2-s2.0-84975136469&doi=10.1007%2Fs10663-016-9348-0&partnerID=40&md5=c66fd458d8c94a6ab3eacf4ab3eb7471,"The European welfare states have undergone a significant amount of change over the last decades. In light of the unresolved tensions resulting from changed macroeconomic conditions, the emergence of new social risks as well as from the consequences of the Great Recession and its aftershocks, more adjustments are needed. The present paper investigates the current outlook on welfare state change, retracing its socio-economic drivers and the salient steps that were undertaken to reform welfare states in the last decades. Since the outbreak of the crisis, calls to adopt a social investment perspective on welfare state reform intensified, both in the academic field and at the EU policy-level. Ample space is therefore devoted to the discussion of this perspective, its conceptual basis, and implementation. For a number of reasons, social investment seems the most appropriate approach to frame the objectives that contemporary welfare states have to pursue and to devise a consistent set of policies. The objections which have been moved against the social investment perspective have however to be taken seriously. Moreover, current developments indicate diverging trends across EU Member States, with lack of progress in those countries which are most in need of a social investment strategy. To become an effective policy paradigm, the social investment perspective thus needs a stronger anchoring within the EU architecture and more co-ordinated commitment from Member States. © 2016, Springer Science+Business Media New York.",2016,12/29/2025 21:46,12/29/2025 21:46,,831-858,,4,43,,,,,,,,,,English,,,Scopus,,,,,,,,Welfare state; welfare impact; European Union; Social investment; crisis management; policy strategy; macroeconomics; New social risks; policy implementation; socioeconomic impact,,,,,,,,,,,,,,,,,,,,,,,,,,,,,,,,,,,,,,,,,,,,,,,
RERDGY6S,journalArticle,2016,"Artázcoz, L.; Cortès, I.; Benavides, F.G.; Escribá-Agüir, V.; Bartoll-Roca, X.; Vargas, H.; Borrell, C.",Long working hours and health in Europe: Gender and welfare state differences in a context of economic crisis,Health and Place,,,10.1016/j.healthplace.2016.06.004,https://www.scopus.com/inward/record.uri?eid=2-s2.0-84975520984&doi=10.1016%2Fj.healthplace.2016.06.004&partnerID=40&md5=8822f9fe2f76c048ca30bfb3349c1e7f,"This article examines the relationship between moderately long working hours and health status in Europe. A cross-sectional study based on data from the 2010 European Working Conditions Survey (13,518 men and 9381 women) was performed. Working moderately long hours was consistently associated with poor health status and poor psychological wellbeing in countries with traditional family models, in both sexes in Liberal countries and primarily among women in Continental and Southern European countries. A combination of economic vulnerability, increasing labour market deregulation and work overload related to the combination of job and domestic work could explain these findings. © 2016 Elsevier Ltd.",2016,12/29/2025 21:46,12/29/2025 21:46,,161-168,,,40,,,,,,,,,,English,,,Scopus,,,,,,,,income; employment; Gender; gender; economic instability; Europe; financial crisis; human; welfare economics; adult; Article; female; male; priority journal; Employment; political system; economic recession; Economic Recession; Humans; Adult; Cross-Sectional Studies; cross-sectional study; Female; Male; middle aged; Middle Aged; questionnaire; social determinants of health; Surveys and Questionnaires; psychology; adolescent; Adolescent; European; Family characteristics; family size; financial deficit; geographic distribution; health status; Health Status; household; job market; Long working hours; occupational hazard; Political Systems; Psychological; psychological well being; sex difference; sex factor; Sex Factors; Stress; working conditions; working time; workload,,,,,,,,,,,,,,,,,,,,,,,,,,,,,,,,,,,,,,,,,,,,,,,
6ZGL2RUN,journalArticle,2016,"Lima, A.P.",Care as a factor for sustainability in situations of crisis: Portugal between the welfare state and interpersonal relationships,Cadernos Pagu,,,10.1590/18094449201600460079,https://www.scopus.com/inward/record.uri?eid=2-s2.0-84957962040&doi=10.1590%2F18094449201600460079&partnerID=40&md5=3ec50458d5e6a958bc016cd9c926b491,"Portugal is going through a socio-economic crisis which has led to increased pressure on social services. Faced with the reduced capacity of state care systems to continue providing support, people are (re)turning to informal ways of addressing the problem. During field work among middleclass families from Lisbon and Oporto, we witnessed how people simultaneously engage with both formal and informal care systems. The article discusses the ways in which informal practices are used to respond to crisis situations, thus contributing to social sustainability. © 2016, Universidade Estadual de Campinas UNICAMP. All Right reserved.",2016,12/29/2025 21:46,12/29/2025 21:46,,79-105,,46,2016,,,O cuidado como elemento de sustentabilidade em situações de crise. Portugal entre o estado providência e as relações interpessoais,,,,,,,English,,,Scopus,,,,,,,,Crisis; Care; Portugal; Interpersonal relations; Sustainability,,,,,,,,,,,,,,,,,,,,,,,,,,,,,,,,,,,,,,,,,,,,,,,
Y3AD82DW,journalArticle,2015,"Perišić, N.; Vidojević, J.",Responses of the Serbian welfare state to the global economic crisis,Revija Za Socijalnu Politiku,,,10.3935/rsp.v22i2.1209,https://www.scopus.com/inward/record.uri?eid=2-s2.0-84939518709&doi=10.3935%2Frsp.v22i2.1209&partnerID=40&md5=d7f8f6ff58bdaa6e0ecf8e86df062ad9,"The global financial crisis has revealed serious weaknesses in Serbia’s economic and social systems. Short-term measures to mitigate the negative effects of the crisis were only partially successful. In 2010, the welfare state has been marked as one of the priority areas of middle-term state reforms, but so far, there have been no radical cuts, even though it is uncertain, whether this situation is sustainable. The main directions of reform, have been, and will be, directed by deficit budgetary funds (i.e. the need to reduce the share of social transfers within the GDP and their sustainability). Even though accessibility and quality have been declared as equally important reform objectives, effects of reforms point to fiscal constraints as the most important challenge. Austerity measures, characteristic of the Serbian welfare state, during the crisis are not only linked to the crisis, but may be viewed as a part of the declining role of the state after the breakdown of socialism in the 1990s. Therefore, it is sometimes hard to distinguish between the measures as a reaction to the crisis and those contemplated prior to the crisis, because their aims seem rather compatible. © 2015, University in Zagreb. All rights reserved.",2015,12/29/2025 21:46,12/29/2025 21:46,,177-194,,2,22,,,Odgovori Srpske socijalne države na globalnu ekonomsku krizu,,,,,,,English,,,Scopus,,,,,,,,Social welfare; labor market; financial crisis; welfare economics; Pensions; pension system; global economy; Health; budget deficit; economic reform; economic system; Labour market; Serbia; socialism; The crisis; Welfare,,,,,,,,,,,,,,,,,,,,,,,,,,,,,,,,,,,,,,,,,,,,,,,
SJDFWWIM,journalArticle,2015,"Del Pino, E.; Pavolini, E.",Decentralisation at a Time of Harsh Austerity: Multilevel Governance and the Welfare State in Spain and Italy Facing the Crisis,European Journal of Social Security,,,10.1177/138826271501700206,https://www.scopus.com/inward/record.uri?eid=2-s2.0-84988646043&doi=10.1177%2F138826271501700206&partnerID=40&md5=554f57d3ead5f1a19d804457e3b57f27,"Decentralisation was one of the most relevant trends in the institutional development of the Spanish and Italian welfare states up to the onset of the economic crisis. The present article tries to answer two questions. How have central government – subnational government relationships and models of welfare governance evolved? What has happened to territorial inequalities in access to welfare state provision before and after the onset of the crisis and the introduction of austerity policies?. Before the crisis, territorial differences in the operation of the welfare state across regions were more pronounced and intense in Italy than in Spain. With the onset of the crisis and austerity, the differences between territorial clusters in Spain have remained relatively stable or have decreased, whereas in Italy they have often increased. In both cases, regional governments have, in recent years, been more dependent on central government. In fact, to receive support or extra funding, regional governments have accepted the conditions imposed by central government. Sub-national governments have been forced to accept significant cuts and greater control or supervision of their budgets. As the largest part of the regional budget is spent on social policies, regional welfare systems have inevitably been affected both in scope and in the way in which decisions are made. © 2015 SAGE Publications.",2015,12/29/2025 21:46,12/29/2025 21:46,,246-270,,2,17,,,,,,,,,,English,,,Scopus,,,,,,,,retrenchment; governance; Italy; Spain; austerity; decentralisation,,,,,,,,,,,,,,,,,,,,,,,,,,,,,,,,,,,,,,,,,,,,,,,
5UIZ6IJW,journalArticle,2015,"Álvarez-Sousa, A.",The influence of the crisis on the pillars of the welfare state. The opinion of EU citizens,Revista de Cercetare si Interventie Sociala,,,,https://www.scopus.com/inward/record.uri?eid=2-s2.0-84930720853&partnerID=40&md5=b64a2105172b13ef4c3e1a46c6ac5f4e,"The aim of this research is to analyse the perception held by citizens of the various EU member states regarding the evolution of the pillars of the Welfare State in their countries during the crisis. Variations in these visions can be attributed to individual and contextual variables. The starting point for this research is the theory of social space, with its various capitals, measured in terms of both the individual and the country they reside in. The dependent variable (the perception held by citizens regarding the evolution of the pillars of the Welfare State in their country of residence) is associated with individual and contextual independent variables. The analysis was carried out using a multilevel model. The results showed that those persons ranking lower in terms of social stratification and resident in semi-peripheral and peripheral EU member states have a more negative vision of the evolution of the pillars of the Welfare State, although there is also a key symbolic factor resulting from their political ideology and religious beliefs. © 2015, Editura Lumen. All rights reserved.",2015,12/29/2025 21:46,12/29/2025 21:46,,22-May,,JUNE,49,,,,,,,,,,English,,,Scopus,,,,,,,,Cultural capital; Economic capital; Multilevel analysis; Political ideology; Social space; World system,,,,,,,,,,,,,,,,,,,,,,,,,,,,,,,,,,,,,,,,,,,,,,,
VTQWPZX4,journalArticle,2015,"Giubboni, S.",Europe's Crisis-Law and the Welfare State: A Critique,European Labour Law Journal,,,10.1177/201395251500600102,https://www.scopus.com/inward/record.uri?eid=2-s2.0-105004445648&doi=10.1177%2F201395251500600102&partnerID=40&md5=97c6eb8e6f62f42088e24fe3c57cdb03,"This article explores the constitutional dimension of the new European crisis-management-law. The author's critical stance is that the new architecture of the European economic governance deepens the well-known asymmetries between supranational market forces and national Welfare State arrangements. A convergent process of de-politicisation and de-legalisation takes place at EU level, with dramatic implications for the viability of the so-called European social model. © 2015 SAGE Publications.",2015,12/29/2025 21:46,12/29/2025 21:46,,19-May,,1,6,,,,,,,,,,English,,,Scopus,,,,,,,,welfare state; financial crisis; European economic governance; European social model,,,,,,,,,,,,,,,,,,,,,,,,,,,,,,,,,,,,,,,,,,,,,,,
UJXGIZ9A,journalArticle,2015,"Ferreira, S.",New Paths for Third-Sector Institutions in a Welfare State in Crisis: The Case of Portugal,Nonprofit Policy Forum,,,10.1515/npf-2014-0025,https://www.scopus.com/inward/record.uri?eid=2-s2.0-85048006800&doi=10.1515%2Fnpf-2014-0025&partnerID=40&md5=4413b852953712194d5fc2120b871304,"This article describes the recent changes in the political, cultural and socioeconomic environment of the third sector (TS) in Portugal in the context of crisis and structural adjustment. Belatedly, when compared to many other countries, an overall sector is being structured in Portugal, overcoming the traditional neglect of the political system and the divisions inside the field. The historical institutional approach is here used to make sense of the current changes and debates and the different policy coalitions in place are identified through present and past policy analysis and content analysis of policy debates. This provides a broad background for exploring the hypothesis that the Portuguese TS may be arriving at a critical juncture that will set a new path under the development of a new and broader identity as ""social economy.""This paper identifies path-breaking trends, as well as continuities. It argues that the structuring axis TS/welfare state, which has been the driving force of the TS in Portugal, is shifting to the axis TS/economy as a result of changes in both the TS and its political coalitions' strategies and in the broader context and institutional framework of the welfare state. © 2015 by De Gruyter 2015.",2015,12/29/2025 21:46,12/29/2025 21:46,,213-241,,2,6,,,,,,,,,,English,,,Scopus,,,,,,,,welfare state; institutions; path dependency; social economy; critical junctures; third-sector policy,,,,,,,,,,,,,,,,,,,,,,,,,,,,,,,,,,,,,,,,,,,,,,,
WZ2R2WWN,journalArticle,2015,"Josifidis, K.; Hall, J.B.; Supić, N.; Beker Pucar, E.",The European welfare state regimes: Questioning the typology during the crisis,Technological and Economic Development of Economy,,,10.3846/20294913.2015.1055612,https://www.scopus.com/inward/record.uri?eid=2-s2.0-84944066996&doi=10.3846%2F20294913.2015.1055612&partnerID=40&md5=0b69d75a41cc6bc92ea987f3adffc36e,"This paper examines the nature of changes within the EU–15 welfare states affected by the 2008 crisis. We try to answer the question of whether the differences that exist among different welfare state regimes, according to prevailing welfare state typologies, lead to different responses to the consequences of the crisis. Welfare state regimes are the result of different institutional perceptions of social risks hence it is realistic to expect specific responses to the effects of crisis among different welfare state regimes, and similar responses among the countries that belong to the same welfare state regimes. In order to recognize convergent vs. divergent processes, we perform a comparative analysis of the dynamics of the key welfare state determinants of the EU–15 countries, grouping according to welfare state regimes, in the pre-crisis and crisis periods. The results indicate that institutional rigidity and inherent inertia has remained a key factor of convergent welfare state processes in countries that belong to the Social Democratic and Corporatist welfare state regimes. Deviations from such a course are the most evident in the Mediterranean welfare state regimes, especially in Greece and Portugal where austerity measures have been formulated under the strong influence of the Troika. © 2015 Vilnius Gediminas Technical University (VGTU) Press.",2015,12/29/2025 21:46,12/29/2025 21:46,,577-595,,4,21,,,,,,,,,,English,,,Scopus,,,,,,,,Welfare state; Economic crisis; Pension system; Institutional changes; The European Union; Unemployment benefit system,,,,,,,,,,,,,,,,,,,,,,,,,,,,,,,,,,,,,,,,,,,,,,,
FLQTA6GJ,journalArticle,2014,"Diamond, P.; Lodge, G.",Dynamic social security after the crisis: Towards a new welfare state?,International Social Security Review,,,10.1111/issr.12047,https://www.scopus.com/inward/record.uri?eid=2-s2.0-84919675811&doi=10.1111%2Fissr.12047&partnerID=40&md5=65efbec20fafed341bd2b72dd0facf8d,"The conservative bias in social attitudes to the welfare state is manifested in entrenched support among the public for traditional welfare and social security benefits, chiefly higher pension payments and public expenditure on health care. This pattern has been reinforced by the 2008 financial crisis and the Great Recession as public support for social protection strategies geared towards ""new"" social risks - structural changes in labour markets, adverse demography, gender inequality, and family instability - has remained relatively weak. This pattern of resistance to change may hardly be surprising given that reforms are more often viewed by the public as a form of retrenchment with clear losers and few obvious beneficiaries. This underlines that political courage is rarely enough to achieve structural reforms of the welfare state. There will need to be clearly defined short-term and long-term objectives underpinned by a coherent rationale capable of persuading publics and citizens of the case for change if a more ""Dynamic"" system of social security is to be enacted in the industrialized countries over the next 20 years. © 2014 International Social Security Association.",2014,12/29/2025 21:46,12/29/2025 21:46,,37-59,,4-Mar,67,,,,,,,,,,English,,,Scopus,,,,,,,,Welfare state; Public opinion; Denmark; France; United Kingdom; Economic recession; European union; Social security planning,,,,,,,,,,,,,,,,,,,,,,,,,,,,,,,,,,,,,,,,,,,,,,,
9DDK9VTL,journalArticle,2014,"Bekker, S.",EU coordination of welfare states after the crisis: Further interconnecting soft and hard law,International Review of Public Administration,,,10.1080/12294659.2014.966891,https://www.scopus.com/inward/record.uri?eid=2-s2.0-84936761926&doi=10.1080%2F12294659.2014.966891&partnerID=40&md5=f1a867476634988679ab4fd7ae5ac7b2,"After the economic shock in 2009, the European Union (EU) changed its economic governance system considerably. The question is how social policies fare within this new system. Does stricter economic governance limit the sovereignty of states to deal with social risks? To answer this question, the article determines the nature of the EU's stricter economic governance package and explains how the interconnection between coordination mechanisms brings employment and social policy areas within the range of strengthened economic coordination. The article combines an analysis of new regulations with a study of the actual interaction between the EU and seven member states in 2011. It concludes that stricter economic governance gives the EU options to also strengthen employment and social policy coordination. Yet, the policy response of seven member states shows that there is leeway still in reacting to new EU demands. © 2014 The Korean Association for Public Administration.",2014,12/29/2025 21:46,12/29/2025 21:46,,296-307,,3,19,,,,,,,,,,English,,,Scopus,,,,,,,,Economic governance; EU governance; Eu social policy,,,,,,,,,,,,,,,,,,,,,,,,,,,,,,,,,,,,,,,,,,,,,,,
9SM3I5IA,journalArticle,2014,"Lynch, J.",The Italian welfare state after the financial crisis,Journal of Modern Italian Studies,,,10.1080/1354571X.2014.929821,https://www.scopus.com/inward/record.uri?eid=2-s2.0-84906715381&doi=10.1080%2F1354571X.2014.929821&partnerID=40&md5=c536a43d569dc53fdaa69e908e1ad7d0,"The essential characteristics of the Italian welfare state as it developed after the Second WorldWar generated social cleavages and inequities that affected the Italian economy and provided grist for future reforms. At the same time, the welfare state provided political actors with incentives and resources that constrained attempts at reform. With the financial crisis beginning in 2008, serious reform was no longer optional. But austerity politics have generated pressures for changes to the welfare state which are unlikely to moderate most of the underlying inequities generated by the post-war system. Going forward, Italian policymakers must chart a path that is informed by efforts to overcome the pathologies of the past without further undermining the social and economic health of the country. © 2014 Taylor and Francis.",2014,12/29/2025 21:46,12/29/2025 21:46,,380-388,,4,19,,,,,,,,,,English,,,Scopus,,,,,,,,Welfare state; Pensions; Unemployment; Financial crisis; Family policy; Italy,,,,,,,,,,,,,,,,,,,,,,,,,,,,,,,,,,,,,,,,,,,,,,,
7ZHELFNY,journalArticle,2014,"Zartaloudis, S.",The Impact of the Fiscal Crisis on Greek and Portuguese Welfare States: Retrenchment before the Catch-up?,Social Policy and Administration,,,10.1111/spol.12069,https://www.scopus.com/inward/record.uri?eid=2-s2.0-84903794307&doi=10.1111%2Fspol.12069&partnerID=40&md5=48054c641910ec706580de39535c84f3,"This article examines the impact of the ongoing (2008-13) economic crisis on Greek and Portuguese welfare state reforms in a comparative perspective with a particular focus on the public sector, labour markets and social protection. It is argued that the recent crisis caused 'shock and awe' in Greece and Portugal resulting in an unprecedented wave of cuts, tax rises and labour market reforms. In particular, public sector remuneration and jobs were cut, pensions were significantly curtailed and pension rights significantly restricted, successive tax hikes were implemented and welfare benefits became less generous and more conditional. It is argued that these reforms constitute a critical juncture and a considerable effort towards welfare retrenchment, which is which is implemented before converging with the more advanced welfare states of the EU15. Both countries appeared to be significantly more vulnerable to the crisis than the richer countries of Northern Europe (e.g. Germany, Austria, Sweden, Finland and the Netherlands) and their larger Southern counterparts (Italy and Spain). Yet, the latter had to implement similar measures, albeit in a less abrupt and extensive fashion. In other words, it may be that size is less important than economic and political power for coping with the effects of the current crisis. © 2014 John Wiley & Sons Ltd.",2014,12/29/2025 21:46,12/29/2025 21:46,,430-449,,4,48,,,,,,,,,,English,,,Scopus,,,,,,,,Welfare state; labor market; public sector; financial crisis; welfare reform; social security; political power; welfare economics; Retrenchment; fiscal policy; policy reform; Portugal; coping strategy; economic relations; Financial crisis; Greece; Southern-Europe,,,,,,,,,,,,,,,,,,,,,,,,,,,,,,,,,,,,,,,,,,,,,,,
57ZXE26U,journalArticle,2014,"Blum, S.; Formankova, L.; Dobrotić, I.",Family Policies in 'Hybrid' Welfare States after the Crisis: Pathways between Policy Expansion and Retrenchment,Social Policy and Administration,,,10.1111/spol.12071,https://www.scopus.com/inward/record.uri?eid=2-s2.0-84903792205&doi=10.1111%2Fspol.12071&partnerID=40&md5=e4cfc61b4b552d76521a6de37022b593,"The economic crisis has significantly challenged national welfare states and has often led to retrenchment. The question arises how countries have reacted to the crisis in the area of family policy - not directly connected to rising unemployment and also not as demanding for state spending as for example the pension system. This article analyzes family policy reforms during the crisis in three small European welfare states - Austria, the Czech Republic and Slovenia. Focusing on the 'rationale' behind the reforms, it aims to explore how family policy was affected by the crisis and whether the crisis gave rise to new policy pathways and ideas in the area. The exploratory case studies of reforms conducted in the three countries between 2009 and 2013 show that everywhere the pre-crisis policy pathways were also continued in the period of crisis. The reforms were framed by diverse paradigms related to national-specific contexts along with newly emerged austerity arguments. The Czech Republic shows a continued focus on a neo-liberal paradigm, utilizing the crisis to introduce further residual measures, i.e. mostly negative re-familializing reforms, mixed with de-familializing policies based on the workfare paradigm. Strong crisis-related discourse in Slovenia was accompanied by diverse austerity measures, which strengthened the social dimension of family policy and weakened a de-familialistic effect of the pre-crisis reforms. Austria, much less affected by the crisis, continues to combine social investment and 'freedom of choice' paradigms, introducing an ambivalent amalgam of positive familialistic and de-familialistic family policy reforms. © 2014 John Wiley & Sons Ltd.",2014,12/29/2025 21:46,12/29/2025 21:46,,468-491,,4,48,,,,,,,,,,English,,,Scopus,,,,,,,,social policy; state role; financial crisis; welfare reform; Crisis; policy reform; Austria; Czech Republic; Family policy; policy analysis; Policy paradigms; Slovenia,,,,,,,,,,,,,,,,,,,,,,,,,,,,,,,,,,,,,,,,,,,,,,,
YGZCUQMQ,journalArticle,2014,"Greve, B.",Introduction: Small European Welfare States - Impact of the Fiscal Crisis,Social Policy and Administration,,,10.1111/spol.12066,https://www.scopus.com/inward/record.uri?eid=2-s2.0-84903764304&doi=10.1111%2Fspol.12066&partnerID=40&md5=acea5a758e91d54eb72256fe3b0a4b54,,2014,12/29/2025 21:46,12/29/2025 21:46,,391-393,,4,48,,,,,,,,,,English,,,Scopus,,,,,,,,welfare provision; Europe; welfare economics; fiscal policy,,,,,,,,,,,,,,,,,,,,,,,,,,,,,,,,,,,,,,,,,,,,,,,
LLWTAYKK,journalArticle,2014,"Reeskens, T.; van Oorschot, W.",European feelings of deprivation amidst the financial crisis: Effects of welfare state effort and informal social relations,Acta Sociologica,,,10.1177/0001699313504231,https://www.scopus.com/inward/record.uri?eid=2-s2.0-84902960609&doi=10.1177%2F0001699313504231&partnerID=40&md5=631c73250fa832f1d100705abaf8ce59,"As European governments have embraced the credo of austerity, the perennial discussion whether welfare states erode the quality of social networks has taken on a more prominent position on political and social science research agendas. While non-believers of this so-called 'crowding out' thesis argue that social networks flourish well in welfare states, believers argue that welfare provisions render social networks irrelevant in mobilizing resources. Using the 2010 wave of the European Social Survey, we analyse the extent to which both the welfare state and social networks have prevented deprivation, as well as the extent to which the functional quality of social networks in inhibiting impoverishment differs as a function of welfare state generosity. Both the 'crowding out' and the 'crowding in' theses are supported: resources are less mobilized through networks in more generous welfare states precisely because encompassing welfare provisions reduce deprivation significantly, lowering the functional quality of social networks. © The Author(s) 2013.",2014,12/29/2025 21:46,12/29/2025 21:46,,191-206,,3,57,,,,,,,,,,English,,,Scopus,,,,,,,,welfare state; social capital; crowding-out hypothesis; European Social Survey; multi-level analysis; worldwide financial crisis,,,,,,,,,,,,,,,,,,,,,,,,,,,,,,,,,,,,,,,,,,,,,,,
MK8UPJH5,journalArticle,2013,"Watson, M.",The welfare state sources of bank instability: Displacing the conditions of welfare state fiscal crisis under pressures of macroeconomic financialization,Public Administration,,,10.1111/j.1467-9299.2012.02069.x,https://www.scopus.com/inward/record.uri?eid=2-s2.0-84890240307&doi=10.1111%2Fj.1467-9299.2012.02069.x&partnerID=40&md5=b4d87c797722919456accb898fa60f3e,"The post-financial crisis decision-making of Britain's Labour Government represents an interesting case of the more general tensions embedded in welfare reform strategies under macroeconomic pressures of financialization. It continued to find additional sources of funding out of current taxation to finance enhanced levels of short-term frontline services, yet this was always against the backdrop of attempting to facilitate greater long-term affordability through negotiating the switch to increasingly self-sufficient welfare citizens. These twin policy objectives provided the backdrop for New Labour's opposition to the Bank of England's post-financial crisis arguments for forcibly separating banks' trading practices from their depository business. It was in this way that increasing welfare state sources of future bank instability became apparent. In Britain at least, attempts to juggle conflicting short-term and long-term policy priorities have resulted in the displacement of the most obvious manifestations of welfare state fiscal crisis into other areas of the public finances. © 2013 John Wiley & Sons Ltd.",2013,12/29/2025 21:46,12/29/2025 21:46,,855-870,,4,91,,,,,,,,,,English,,,Scopus,,,,,,,,financial crisis; welfare reform; government; welfare economics; decision making; tax system; macroeconomics; banking; financial services,,,,,,,,,,,,,,,,,,,,,,,,,,,,,,,,,,,,,,,,,,,,,,,
LQWQS6VG,journalArticle,2013,"Hallerberg, M.",Challenges for the German welfare state before and after the global financial crisis,Cato Journal,,,,https://www.scopus.com/inward/record.uri?eid=2-s2.0-84881646788&partnerID=40&md5=1b9c4811a442d5f92e161f4b1deb65f4,,2013,12/29/2025 21:46,12/29/2025 21:46,,263-267,,1,33,,,,,,,,,,English,,,Scopus,,,,,,,,,,,,,,,,,,,,,,,,,,,,,,,,,,,,,,,,,,,,,,,,,,,,,,,
FNULJEDN,journalArticle,2013,"Schwartz, P.",The Welfare State as an Underlying Cause of Spain's Debt Crisis,Cato Journal,,,,https://www.scopus.com/inward/record.uri?eid=2-s2.0-84881645755&partnerID=40&md5=3bd918ffb84179fd32e55b8683e30489,,2013,12/29/2025 21:46,12/29/2025 21:46,,275-285,,1,33,,,,,,,,,,English,,,Scopus,,,,,,,,,,,,,,,,,,,,,,,,,,,,,,,,,,,,,,,,,,,,,,,,,,,,,,,
AIB84LWW,journalArticle,2013,"Palier, B.","Social policy paradigms, welfare state reforms and the crisis",Stato e Mercato,,,10.1425/73007,https://www.scopus.com/inward/record.uri?eid=2-s2.0-84880049296&doi=10.1425%2F73007&partnerID=40&md5=983d023ea72afc96af31e64985c1cdd0,"The article focuses on the interplay between changes in welfare state paradigms (Keynesian, neo-liberal and social investment) and actual social policy reforms. It takes a broad look at the interplay between changes in social policy paradigms and welfare state reforms, framing what happened over the last decades and what it is happening in a long-run perspective. The first part of the paper looks at the role of ideas and paradigmatic change in relation to the role assigned to the welfare state in capitalist economies. The second part of the paper analyses common European trends. The third looks at specificities in welfare state reforms set in place in the different «worlds» and regimes. The last part is dedicated to how both the paradigms' debate and the real institutional changes are taking place at a time of deep economic crisis and subsequent austerity plans.",2013,12/29/2025 21:46,12/29/2025 21:46,,37-66,,97,,,,,,,,,,,English,,,Scopus,,,,,,,,,,,,,,,,,,,,,,,,,,,,,,,,,,,,,,,,,,,,,,,,,,,,,,,
DIDT5AE7,journalArticle,2013,"Dumitrache, V.; Tache, I.",Impact of global economic crisis on the European welfare states,European Research Studies Journal,,,10.35808/ersj/392,https://www.scopus.com/inward/record.uri?eid=2-s2.0-84919485827&doi=10.35808%2Fersj%2F392&partnerID=40&md5=5eb9b8beab404841ba967388072a8333,"The global economic crisis and the subsequent weaker growth are putting under pressure welfare states in the EU. This paper aims at discussing the effects of the crisis at the social level and at identifying whether the classic European welfare state models (Nordic, Continental, Anglo-Saxon and Mediterranean) are still valid in today's economy. An answer will be tried using the mathematical tool of principal components analysis. The results will be observed in graphs where the states taken into consideration respect the classical welfare models or they regroup themselves into new circumstances' adapted models. Even though the classical welfare models are generally still checked up with the analyzed indicators, our analysis reveals the need to theoretically redefining the European welfare state in the aftermath of the crisis and to have a unifying social policy concept. Besides calling into question the financial viability of the current social programmes, the crisis could be also a new opportunity to reconfigure and re-legitimize social policy.",2013,12/29/2025 21:46,12/29/2025 21:46,,18-Mar,,3,16,,,,,,,,,,English,,,Scopus,,,,,,,,European welfare states; Global economic crisis; Principal component analysis,,,,,,,,,,,,,,,,,,,,,,,,,,,,,,,,,,,,,,,,,,,,,,,
EGAT5R6R,journalArticle,2013,"Saraceno, C.",Three concurrent crises in welfare states in an increasingly asymmetrical European union,Stato e Mercato,,,10.1425/75009,https://www.scopus.com/inward/record.uri?eid=2-s2.0-84896530139&doi=10.1425%2F75009&partnerID=40&md5=1fd69376e8600ad0406c06a4b793b732,"There is more than one crisis going on in European welfare states, although the front place taken by the financial one in public discourse and in national and EU policies risks overshadowing the other ones, thus also reducing the space for a constructive, not only destructive change. It also reduces the space for democratic decision making. These risks a not incurred to the same degree in all countries, however, given differences in their welfare state development, political and cultural history and position in the international market. These cross country differences, furthermore, which in part overlap with the de facto power relations within the EU as they developed through the financial crisis, are increasingly becoming themselves one of the reasons of the EU crisis. With austerity being the main approach supported by the BCE and by the EU intergovernmental bodies, «debtor» countries are loosing a sovereignty already undermined by footloose capitalism, in favour of supra-national bodies increasingly marked by inter-country asymmetry in decision making power. After a synthetic overview of the different crises affecting the national welfare states and the European social model and of the risks of an exclusive financial approach, the paper discusses whether they also present opportunities for change in the direction of greater efficacy and equity, at what conditions.",2013,12/29/2025 21:46,12/29/2025 21:46,,339-358,,99,,,,,,,,,,,English,,,Scopus,,,,,,,,Education and Welfare; I0 - Health; I28 - Government Policy; I31 - General Welfare,,,,,,,,,,,,,,,,,,,,,,,,,,,,,,,,,,,,,,,,,,,,,,,
EQVBXXVJ,journalArticle,2012,"Schwartz, H.","Housing, the welfare state, and the global financial crisis: What is the connection?",Politics and Society,,,10.1177/0032329211434689,https://www.scopus.com/inward/record.uri?eid=2-s2.0-84856509573&doi=10.1177%2F0032329211434689&partnerID=40&md5=6baf99b58b9f1f7b32d9dbba49b14fe4,"Analyses of the global financial crisis that assign causality to the erosion of parts of the welfare state that protected individuals miss the importance of macro level regulation that protected firms and the financial system from itself. Post-Depression macro level regulation of finance prevented the emergence of mismatched maturities where deposits lacked state guarantees, and thus prevented runs on banks or near-banks. A balance sheet approach shows that macro regulation linked long duration liabilities in housing finance (mortgages) to long duration assets (pensions). Deregulation permitted the reemergence of mismatched maturities, providing both a necessary and sufficient condition for the current financial crisis. © 2012 SAGE Publications.",2012,12/29/2025 21:46,12/29/2025 21:46,,35-58,,1,40,,,,,,,,,,English,,,Scopus,,,,,,,,Welfare state; Pensions; Deregulation; Mortgages; Securitization,,,,,,,,,,,,,,,,,,,,,,,,,,,,,,,,,,,,,,,,,,,,,,,
DEHR7UXS,journalArticle,2012,"Taylor-Gooby, P.",Beveridge overboard? How the UK government is using the crisis to permanently restructure the welfare state,Intereconomics,,,10.1007/s10272-012-0422-y,https://www.scopus.com/inward/record.uri?eid=2-s2.0-84865484720&doi=10.1007%2Fs10272-012-0422-y&partnerID=40&md5=11af11b7ef4ec5347bcf52f7b6709b81,,2012,12/29/2025 21:46,12/29/2025 21:46,,224-229,,4,47,,,,,,,,,,English,,,Scopus,,,,,,,,,,,,,,,,,,,,,,,,,,,,,,,,,,,,,,,,,,,,,,,,,,,,,,,
P5JL5HQA,journalArticle,2011,"Matsaganis, M.",The welfare state and the crisis: The case of Greece,Journal of European Social Policy,,,10.1177/0958928711418858,https://www.scopus.com/inward/record.uri?eid=2-s2.0-83355168077&doi=10.1177%2F0958928711418858&partnerID=40&md5=225c38f6228876f56a4348e7adb7531f,"The paper examines the relationship between the severe economic crisis facing Greece and the country's social protection system, arguing that this relationship is ambivalent. On one level, the welfare state itself has contributed in a far from trivial way to the fiscal crisis of the state, with its various failures including huge deficits in key programmes such as pensions and health. On a second level, the crisis and the measures to counter it deprive the welfare state of resources, while at the same time setting in motion sweeping changes. On a third level, social protection can help cope with the consequences of the crisis, but enhancing its capacity to do so will require considerable reconfiguration and proper funding of social safety nets. The paper concludes by discussing the prospects for a revival of welfare state building in Greece in the current harsh climate. © SAGE Publications 2011.",2011,12/29/2025 21:46,12/29/2025 21:46,,501-512,,5,21,,,,,,,,,,English,,,Scopus,,,,,,,,crisis; financial crisis; unemployment; social security; pension system; Greece; crisis management; pensions; safety; safety net,,,,,,,,,,,,,,,,,,,,,,,,,,,,,,,,,,,,,,,,,,,,,,,
5FSYIGPF,journalArticle,2011,"Parkinson, P.",Another inconvenient truth: Fragile families and the looming financial crisis for the welfare state,Family Law Quarterly,,,,https://www.scopus.com/inward/record.uri?eid=2-s2.0-84872453980&partnerID=40&md5=6ee355303b36da67a695dc232a0a227e,,2011,12/29/2025 21:46,12/29/2025 21:46,,329-352,,3,45,,,,,,,,,,English,,,Scopus,,,,,,,,,,,,,,,,,,,,,,,,,,,,,,,,,,,,,,,,,,,,,,,,,,,,,,,
6IDSW9QX,journalArticle,2011,"Vis, B.; van Kersbergen, K.; Hylands, T.",To what extent did the financial crisis intensify the pressure to reform the welfare state?,Social Policy and Administration,,,10.1111/j.1467-9515.2011.00778.x,https://www.scopus.com/inward/record.uri?eid=2-s2.0-79959202382&doi=10.1111%2Fj.1467-9515.2011.00778.x&partnerID=40&md5=0a7f985955e989dd96a5a61deac6a762,"If ever there was momentum to roll back the welfare state, it is the (aftermath) of the financial crisis of 2008-09. All theoretical perspectives within comparative welfare state research predict radical reform in this circumstance, but does it also happen? Our data indicate that - at least so far - it does not. Focusing on a selection of advanced welfare states (the UK, the USA, Germany, the Netherlands, Denmark and Sweden), we find that these countries face similar problems and that their initial response to these problems is also similar. The latter is surprising because, theoretically, we would expect varying responses across welfare state regime types. Rather than retrenchment, we observe a first phase of emergency capital injections in the banking sector and a second of Keynesian demand management and labour market protection, including the (temporary) expansion of social programmes. Continuing public support for the welfare state was a main precondition for this lack of immediate radical retrenchment. However, the contours of a third phase have become apparent now that budgetary constraints are forcing political actors to make tough choices and introduce austerity policies. As a result, the question of who pays what, when, and how will likely give rise to increasingly sharp distributional conflicts. © 2011 Blackwell Publishing Ltd.",2011,12/29/2025 21:46,12/29/2025 21:46,,338-353,,4,45,,,,,,,,,,English,,,Scopus,,,,,,,,social policy; Public opinion; labor market; financial crisis; welfare reform; Retrenchment; Welfare state reform; Financial crisis; Keynesian theory,,,,,,,,,,,,,,,,,,,,,,,,,,,,,,,,,,,,,,,,,,,,,,,
BD4ITPPD,journalArticle,2010,"Drahokoupil, J.; Myant, M.","Varieties of capitalism, varieties of vulnerabilities: Financial crisis and its impact on welfare states in Eastern Europe and the commonwealth of independent states",Historical Social Research,,,,https://www.scopus.com/inward/record.uri?eid=2-s2.0-77953525989&partnerID=40&md5=9f03aca0b79282820e822c3dc1dcdc08,"This paper investigates the implications of the 2008 financial crisis on welfare states and the capitalist diversity in the post-communist world, including Eastern Europe and the Commonwealth of Independent States. It analyzes three political-economic varieties in the region: those of capitalism, welfare, and vulnerabilities to the crisis. The three varieties are linked, but there is also a considerable variation given the importance of political and policy factors. Economic growth models created different political and economic constraints on policies of adjustment to the crisis. In particular, currency substitution was associated with strong political preferences for defending exchange rates, with adjustment through reductions in public spending and wages. A variety of welfare models was associated with different political constituencies for welfare provision. The interplay of these constraints and political factors together with intervention of international institutions shapes the nature of welfare state adjustments. Early developments also indicate some unexpected outcomes. financial crisis, welfare state, varieties of capitalism, Eastern Europe, Russia, Commonwealth of Independent States.",2010,12/29/2025 21:46,12/29/2025 21:46,,266-295,,2,35,,,,,,,,,,English,,,Scopus,,,,,,,,,,,,,,,,,,,,,,,,,,,,,,,,,,,,,,,,,,,,,,,,,,,,,,,
CII236V5,journalArticle,2009,"Dahlström, C.",The bureaucratic politics of welfare-state crisis: Sweden in the 1990s,Governance,,,10.1111/j.1468-0491.2009.01433.x,https://www.scopus.com/inward/record.uri?eid=2-s2.0-70350144982&doi=10.1111%2Fj.1468-0491.2009.01433.x&partnerID=40&md5=dda3ff51aa39efb378de9a4ec0d07bad,"This article suggests that key bureaucrats play a decisive role in times of welfare crisis. It argues that key bureaucrats, through their advice, define both the type of welfare crisis and the range of possible solutions, which have at least two important consequences: First, it broadens the distribution of welfare cuts, as key bureaucrats - contrary to politicians - have no interests in targeting special voter groups. Second, it enables political compromises, as both the government and the opposition trust the key bureaucrats' expertise. These suggestions are tested empirically in a case study of Sweden in the 1990s. It shows that key bureaucrats did indeed influence both the distribution of the cuts and enabled a compromise between the center-right government and the Social Democraticopposition. © 2009 Wiley Periodicals, Inc.",2009,12/29/2025 21:46,12/29/2025 21:46,,217-238,,2,22,,,,,,,,,,English,,,Scopus,,,,,,,,,,,,,,,,,,,,,,,,,,,,,,,,,,,,,,,,,,,,,,,,,,,,,,,
89GSGJM8,journalArticle,2007,"Kwon, S.; Holliday, I.",The Korean welfare state: A paradox of expansion in an era of globalisation and economic crisis,International Journal of Social Welfare,,,10.1111/j.1468-2397.2006.00457.x,https://www.scopus.com/inward/record.uri?eid=2-s2.0-34347406510&doi=10.1111%2Fj.1468-2397.2006.00457.x&partnerID=40&md5=7073f6512e31e3390140af92f349ff42,"When the Asian financial crisis took a heavy toll on Korea in the late 1990s, policy makers responded by extending welfare policy. For many analysts, this was a paradoxical move, marking a fundamental reconfiguration of the social policy system. This article contests that interpretation. It examines the changes made to Korean social policy in recent years, and considers their impact on the Korean welfare state. It notes both that welfare extensions have been comparatively limited, and that they have often formed part of wider attempts to boost labour market flexibility. It thus concludes that limited expansion of the Korean welfare state is chiefly an attempt to bolster industrial competitiveness and economic growth. For now, Korea retains the productivist social policy orientation that has long characterised it. It also concedes, however, that in the future underlying social change, notably a rapidly ageing population, may prompt policy makers to make significant changes to the Korean welfare state. © 2006 The Author(s) Journal compilation © 2006 Blackwell Publishing Ltd and the International Journal of Social Welfare.",2007,12/29/2025 21:46,12/29/2025 21:46,,242-248,,3,16,,,,,,,,,,English,,,Scopus,,,,,,,,Social policy; Korea; Productivism; Welfare estate,,,,,,,,,,,,,,,,,,,,,,,,,,,,,,,,,,,,,,,,,,,,,,,
URQK3SYP,journalArticle,2007,"Hübner, P.",Competitive progress and crisis congruence? European labour societies and welfare states during the last decades of the Cold War (1970-1989),Zeitgeschichte,,,,https://www.scopus.com/inward/record.uri?eid=2-s2.0-38349081616&partnerID=40&md5=48da05ac78e8fd7ab54d8515adb6f8e6,"The ""Third industrial revolution"" - i.e. the rapid development of communication and information science and technologies and the progress in biology and genetics as well as their applications - has brought about radical changes in modern labour societies. The article focuses on the 1970s and 1980s: these two decades were a time of crisis in which European labour societies had to adapt their social and economic structures to the technological and scientific challenges. From the middle of the 1970s onwards, the Western European welfare states also showed signs of structural weakness which were countered by reforms. At about the same time, Eastern European socialist command economies suffered from stagnation. The crisis of socialist social policy was synonymous with a crisis of the full employment principle and the corresponding general obligation to work. Last but not least it was the crisis of the extraordinarily far-reaching system of consumer price subsidies. The article investigates the genesis of these crisis and reform processes in a comparative perspective, using the Federal Republic Germany and France as case studies on the one hand, the German Democratic Republic and Poland on the other.",2007,12/29/2025 21:46,12/29/2025 21:46,,144-150,,3,34,,,Fortschrittskonkurrenz und krisenkongruenz? Europäische arbeitsgesellschaften und sozialstaaten in den letzten jahrzehnten des Kalten Krieges (1970-1989),,,,,,,German,,,Scopus,,,,,,,,,,,,,,,,,,,,,,,,,,,,,,,,,,,,,,,,,,,,,,,,,,,,,,,
L2SVBSR9,journalArticle,2005,"Kim, S.","Economic crisis, domestic politics and welfare state changes",Pacific Review,,,10.1080/09512740500189090,https://www.scopus.com/inward/record.uri?eid=2-s2.0-24344471215&doi=10.1080%2F09512740500189090&partnerID=40&md5=62a5f8c3c7ec041e53afbebe226757e8,"This essay re-examines the debate over the relationship between economic crises and welfare system changes and the role of domestic political factors which may refract the wave of influence from economic crisis. While acknowledging the inherent weakness of research design in a single case study, this study cautiously contends that an examination of the Korean case reveals that domestic factors continue to play an important role in welfare policy-making, even when decisive global economic forces are at work. Theoretically, this study argues not only for the continued theoretical relevance of the state-centered theory, but also in favor of a more integrated and configurational approach. © 2005 Taylor & Francis.",2005,12/29/2025 21:46,12/29/2025 21:46,,375-391,,3,18,,,,,,,,,,English,,,Scopus,,,,,,,,social policy; welfare provision; financial crisis; Economic crisis; Welfare reform; Globalization; national politics; Pension system; Policy networks,,,,,,,,,,,,,,,,,,,,,,,,,,,,,,,,,,,,,,,,,,,,,,,
XC5JQDHU,journalArticle,2000,"Béland, D.; Hansen, R.","Reforming the French welfare state: Solidarity, social exclusion and the three crises of citizenship",West European Politics,,,10.1080/01402380008425351,https://www.scopus.com/inward/record.uri?eid=2-s2.0-0343963126&doi=10.1080%2F01402380008425351&partnerID=40&md5=cb4d9a09a970677e58e24b77f7a46f30,"The article explores recent debates about citizenship and social provision in France. It examines the essential concepts comparable to 'social citizenship', as understood in British debates, and the role that they have played in the development of the French welfare state. Its conclusions are threefold. First, social provision in France is founded on the principle of solidarite, which holds that all citizens face a series of social risks (unemployment and illness) that make them dependent on one another. Second, as the traditional insurance principle (the core of the French welfare state) is founded on socio-economic conditions (concerning the nature of social interdependence and social risk) that no longer exist, the emergence of these social ills has led to not one but three crises of citizenship: a crisis of coverage, of legitimacy and of participation. Third, while it is too early to draw definitive conclusions, recent policy reforms suggest that the difficulties faced by French welfare are encouraging moves towards the British model of tax-based (rather than insurance-based) financing of social provision.",2000,12/29/2025 21:46,12/29/2025 21:46,,47-64,,1,23,,,,,,,,,,English,,,Scopus,,,,,,,,social policy; welfare provision; France; citizenship; reform process,,,,,,,,,,,,,,,,,,,,,,,,,,,,,,,,,,,,,,,,,,,,,,,
SNPAF3NV,journalArticle,2000,"Manow, P.; Seils, E.",The employment crisis of the German welfare state,West European Politics,,,10.1080/01402380008425370,https://www.scopus.com/inward/record.uri?eid=2-s2.0-0033909625&doi=10.1080%2F01402380008425370&partnerID=40&md5=0b7377541a92a6966c82549ce6d5978d,,2000,12/29/2025 21:46,12/29/2025 21:46,,137-160,,2,23,,,,,,,,,,English,,,Scopus,,,,,,,,Germany; welfare provision; labor market; political economy; unemployment; social security,,,,,,,,,,,,,,,,,,,,,,,,,,,,,,,,,,,,,,,,,,,,,,,
AF9296YH,journalArticle,2000,"Yang, J.-J.","The rise of the Korean welfare state amid economic crisis, 1997-99: Implications for the globalisation debate",Development Policy Review,,,10.1111/1467-7679.00109,https://www.scopus.com/inward/record.uri?eid=2-s2.0-0033816870&doi=10.1111%2F1467-7679.00109&partnerID=40&md5=4408b016666ca3ac4f0f10a099d707d6,"The first part of the article will review the theoretical debates on the relationship between globalisation and the welfare state. The second section will describe the rise of the Korean welfare state since 1997, focusing on the legislation behind the new comprehensive public assistance programme and the rapid expansion of four major social insurance programmes: on pensions, health, unemployment and injury at work. The final part will discuss the preconditions favourable to the growth of the welfare state in the light of the Korean experience and draw some theoretical conclusions regarding the future of the welfare state in the developing world in the era of globalisation.",2000,12/29/2025 21:46,12/29/2025 21:46,,235-256,,3,18,,,,,,,,,,English,,,Scopus,,,,,,,,social policy; welfare provision; financial crisis; globalization; Korea,,,,,,,,,,,,,,,,,,,,,,,,,,,,,,,,,,,,,,,,,,,,,,,
