title,abstract,eid,authors,journal,issue,volume,keywords,doctype,year,doi,pagestart,pageend
The politics of social policies in Portugal: Different responses in times of crises,"Portugal has been confronted with a succession of crises in recent years. This article explores the differences in the way that, in Portugal, the welfare regime tackled the Great Recession context (financial, euro, sovereign debt, structural adjustment crises) and COVID-19 crisis through very different policy responses. The fact that the governments in office acted differently when faced with realities that were close in time but very distinct, generates a paired comparative scenario, without forgetting the interim period. Supported by a plural methodological approach that gathers information from various sources, the outcomes reveal important aspects about the policy direction of changes and in terms of socio-economic indicators. First, policy responses have followed three dynamics in tension: Retrenchment, Mitigation, and Expansion. Second, the policies make a difference, producing distinct outcomes in terms of socioeconomic indicators (unemployment, inequality, poverty). Third, the responses to crises induced more “radical” measures (towards Retrenchment or Expansion), which are not consistent with interim situations. Finally, while the austeritarian response was part of the government in office's program, this was not the case during the pandemic, when the response was involuntary and unprogrammed. This means that, in being a provisional and dated response, there is a high risk that in the near future there will be a resumption of Mitigation or even Retrenchment policies. © 2024 The Authors. Social Policy & Administration published by John Wiley & Sons Ltd.",2-s2.0-85185494876,"Caleiras, J.; Carmo, R.M.",Social Policy and Administration,7,58,crises; employment measures; social policy; vulnerabilities; welfare regimes,Article,2024,10.1111/spol.13008,1042,1058
Back from the Cold? Progressive Politics and Social Policy Paradigms in Southern Europe after the Great Recession,"This article examines the programmatic evolution of social democratic parties in Italy, Portugal, and Spain, three countries in which the center-left has governed in the last decade. To do so, the article develops an analytical framework for mapping social and labor market policy reforms and assessing their liberalizing, regularizing, or recalibrating character. In explanatory terms, the article studies the coalitional politics behind social democratic reforms as being conditional upon the relationships between organized interests, electoral social blocs, and party system dynamics. The comparative analysis shows both commonalities and differences: the cases range from postindustrial recalibration (Italy) to inclusive egalitarianism (Spain), with Portugal taking a middling path, closer to that of Spain. Overall, in these countries a move away from both traditional “social protectionism” and crisis-era internal devaluation has taken place, but it has taken different forms depending on country-specific coalitional dynamics within the left and trade union camps. © The Author(s) 2024.",2-s2.0-85185469015,"Branco, R.; Miró, J.; Natili, M.",Politics and Society,4,52,labor market reforms; post-austerity; social democracy; social policy; southern Europe,Article,2024,10.1177/00323292241226806,630,661
Speaking social Europe: A paradigmatic shift in the European Commission Presidents’ social policy discourse?,"This article presents an original analysis of the social policy discourse at the European Union level by focusing on the language used by European Commission Presidents when addressing social issues. Through an empirical analysis based on a semi-supervised machine learning approach, we consider the entire corpus of speeches made by Barroso and Juncker from 2010 to 2018 and we classify all sentences according to three possible variants of social policy language: social-retrenchment, social-investment and rights-based language. We argue that the focus on these languages allows us to understand whether the ‘fiscal consolidation discipline’ narrative, which dominated in the aftermath of the Great Recession, has been challenged over the years by the recourse to alternative ‘social policy images’. The results confirm a significant shift in the overall configuration of social policy discourse between Barroso and Juncker. This shift has been mainly characterized by an increase in the use of rights-based language and a decrease in the use of social-retrenchment language, which however has not been completely abandoned. Therefore, the recalibration of EC’s speeches on social policy has not been abrupt but has instead been incremental. The article concludes by discussing preliminary interpretations of the observed trends and their potential implications in terms of ‘discursive legacy’ in the post-pandemic era. © The Author(s) 2021.",2-s2.0-85104559922,"Vesan, P.; Pansardi, P.",Journal of European Social Policy,4,31,Discourse; European Commission; European Social Policy; policy change; social policy image,Article,2021,10.1177/0958928721999596,365,379
"COVID-19, the Great Recession and social policy: Is this time different?","This paper provides an overview of the initial crisis responses to the coronavirus pandemic and asks whether and how both the nature of the COVID-19 crisis and the national responses to this differ from those witnessed during the Great Recession. We argue that the speed and scale of the crisis are indeed distinctive, but that claims of symmetry—a crisis affecting all equally—are misplaced. We suggest that stimulus packages have, in broad terms, reflected the scale of the threat and that the wage subsidies and employment supports that were introduced or adjusted are novel in scope and scale, with innovative developments. There has been a greater emphasis on housing than was apparent in responses to the Great Recession and, while a focus on taxation in response packages has been a focus in both crises, its form differs, with a greater reliance on deferrals rather than tax reductions in the stimulus plans announced to date. Our account stresses the agility of crisis responses and this agility must be regarded as welcome, mitigating a great deal of social harm during the initial phase of the pandemic. Whether these short-run responses create pressures for wider-ranging change is much debated, but highly uncertain. © 2020 John Wiley & Sons Ltd",2-s2.0-85097558634,"Moreira, A.; Hick, R.",Social Policy and Administration,2,55,COVID-19; financial crisis; Great Recession; health; housing; labour market; social policy; taxation,Article,2021,10.1111/spol.12679,261,279
Manoeuvring Through the Crisis: Labour Market and Social Policies During the COVID-19 Pandemic,"The unprecedented COVID-19 pandemic has a severe impact on societies, economies and labour markets. However, not all countries, socio-economic groups and sectors are equally affected. Part of this disparity can be related to the different role and extent of short-time work, which is now being used more widely than during the Great Recession. Furthermore, unemployment benefits have been made more generous in many countries. While it is still too early to assess the relative success of national strategies to cope with the pandemic and to revitalise the labour market as well as to evaluate the medium-term fiscal viability of different support measures, a few policy directions become apparent. These include the use of digital tools to increase resilience against economic shocks, the longer-term perspective of short-time workers in the current crisis, social protection for self-employed workers that is robust to economic crises and resilient models for school-to-work transitions of younger workers. © 2020, The Author(s).",2-s2.0-85096906394,"Eichhorst, W.; Marx, P.; Rinne, U.",Intereconomics,6,55,,,2020,10.1007/s10272-020-0937-6,375,380
Resisting austerity measures to social policies: Multiple explanatory case studies,"Since Margaret Thatcher reached power in the United Kingdom, European governments have increasingly turned to neoliberal forms of policy-making, focusing, especially after the 2008 Great Recession on 'austerity policies' rather than investing in social protection policies. We applied a multiple explanatory case studies methodology to examine how and why challenges and resistance to these austerity measures are successful or not in four settings for three different social policy issues: using a gender lens in state budgeting in Andalusia (Spain), maintaining unemployment benefits in Italy and cuts to fuel poverty reduction programs in Northern Ireland and England. In particular, we intended to learn about whether resistance strategies are shared across disparate cases or whether there are unique activities that lead to successful resistance to austerity policies. As our approach drew from realist philosophy of science, we started with initial theories concerning collective action, political ideology and political power of affected populations. Our findings suggest that there are similarities between the cases we studied despite differences in political and policy contexts. We found that joint action between advocacy groups was effective in resisting cuts to social spending. Evidence also indicates that the social construction of target populations is important in resisting changes to social programmes. This was observed in both England and Northern Ireland where pensioners held significant political clout. © 2018 The Author(s) 2018. Published by Oxford University Press. All rights reserved. For permissions, please email: journals.permissions@oup.com.",2-s2.0-85076526946,"O'Campo, P.; Freiler, A.; Muntañer, C.; Gelormino, E.; Huegaerts, K.; Puig-Barrachina, V.; Mitchell, C.",Health Promotion International,6,34,Austerity; Employment policies; Fuel poverty; Gender budgeting; Multiple case study,Article,2019,10.1093/heapro/day073,1130,1140
European health inequality through the ‘Great Recession’: social policy matters,"This paper investigates the association between the Great Recession and educational inequalities in self-rated general health in 25 European countries. We investigate four different indicators related to economic recession: GDP; unemployment; austerity and a ‘crisis’ indicator signifying severe simultaneous drops in GDP and welfare generosity. We also assess the extent to which health inequality changes can be attributed to changes in the economic conditions and social capital in the European populations. The paper uses data from the European Social Survey (2002–2014). The analyses include both cross-sectional and lagged associations using multilevel linear regression models with country fixed effects. This approach allows us to identify health inequality changes net of all time-invariant differences between countries. GDP drops and increasing unemployment were associated with decreasing health inequalities. Austerity, however, was related to increasing health inequalities, an association that grew stronger with time. The strongest increase in health inequality was found for the more robust ‘crisis’ indicator. Changes in trust, social relationships and in the experience of economic hardship of the populations accounted for much of the increase in health inequality. The paper concludes that social policy has an important role in the development of health inequalities, particularly during times of economic crisis. © 2018 The Authors. Sociology of Health & Illness published by John Wiley & Sons Ltd on behalf of Foundation for SHIL.",2-s2.0-85042680193,"van der Wel, K.A.; Saltkjel, T.; Chen, W.-H.; Dahl, E.; Halvorsen, K.",Sociology of Health and Illness,4,40,inequalities/social inequalities in health status; social capital; social change; social determinants of health; welfare state,Article,2018,10.1111/1467-9566.12723,750,768
Policy Continuity and Change in Greek Social Policy in the Aftermath of the Sovereign Debt Crisis,"The extensive and radical reforms introduced in Greece's pension and health systems following the recent economic crisis provide a compelling case for the study of continuity and change in social policy. The article argues that a simple focus on retrenchment - as observed in pension and health in Greece in the aftermath of the crisis - provides only a partial understanding of the transformations taking place in the two sectors under study and their implications for the future structure of the two systems. While retrenchment has been the dominant feature associated with the fiscal consolidation effort undertaken in the context of the bailout agreements, other transformative processes have also taken place. In the case of pensions, a shift towards a more unified structure is observed, accompanied by a hesitant shift to a multi-pillar system characterized by a reduction in public provision which is nonetheless not compensated by a strengthening of the second pillar. In the case of health, recent reforms attest to the gradual withering away of the public system through its shift to residualism. These changes have been made possible through the changes observed in the policy-making process characterized by an unprecedented increase of the EU intrusiveness and the parallel decrease of the role and influence of social partners. © 2016 John Wiley & Sons, Ltd.",2-s2.0-84959064701,"Angelaki, M.",Social Policy and Administration,2,50,Crisis; Greece; Health care; Pensions; Policy change; Policy continuity; Reform,Article,2016,10.1111/spol.12214,262,277
Studies in Convergence? Post-Crisis Effects on Corporate Rescue and the Influence of Social Policy: The EU and the USA,"The financial crisis and the sovereign debt crisis that it precipitated in a number of peripheral EU Member States heralded massive changes in insolvency, corporate rescue and employment protection policies. The US and the EU both suffered greatly in the wake of the crisis, but their recoveries have occurred along very different tracks. The US has managed to regain much of its position in terms of relative growth and the UK has outpaced the recoveries of those European countries that are members of the European Monetary Union. The purpose of this treatise is to explore the context of the 2007-2008 financial crisis in the US and in the EU and its impact on legal reform in corporate rescue and restructuring as well as those aspects of social policy implicated within insolvency systems (notably collective redundancy and transfers of undertakings). It will also consider whether or not the corporate rescue and employee protection systems can be seen to be converging, and whether, in view of the different socio-economic, political and cultural aspects of the US and the EU, such convergence might be beneficial. © 2016 John Wiley & Sons, Ltd.",2-s2.0-84952673535,"Gant, J.L.L.",International Insolvency Review,1,25,,,2016,10.1002/iir.1246,72,96
A new era of European Integration Governance of labour market and social policy since the sovereign debt crisis,"In this article we develop a typology of European Union (EU) integration to capture how, to what extent and according to which policy aims EU involvement in Member States has altered with respect to labour market and social policy and what it signifies in terms of institutional change. On this basis, we show first that new instruments-the Six-Pack, Fiscal Compact and Two-Pack-have been layered onto the existing institutional framework governing the Economic and Monetary Union (EMU). Furthermore, we show that the instruments strengthening budgetary discipline to improve the functioning of European Monetary Union have become more explicit in terms of policy objectives, particularly specifying new benchmarks to obtain fiscal discipline. They are also stricter in terms of surveillance and enforcement. Second, we show that there are initiatives to address and improve the social dimension of the EU-Europe 2020, the Social Investment Package and the Youth Guarantee-and that these have also emerged through a process of institutional layering. However, the aims around Europe 2020 and Social Investment continue to be based on the voluntary Open Method of Coordination, with comparatively weak surveillance and enforcement. In the current context, and in order to attain economic growth together with social cohesion and welfare, it is of utmost importance that EMU criteria should be altered to take account of social investments. © 2015 Macmillan Publishers Limited.",2-s2.0-84961292030,"de la Porte, C.; Heins, E.",Comparative European Politics,1,13,European Integration; European social policy; governance; institutional change; stability and growth pact,Article,2015,10.1057/cep.2014.39,28,Aug
Familistic welfare capitalism in crisis: Social reproduction and anti-social policy in Greece,"Familistic welfare capitalism is a model of national political economy prevalent in many regions in the world (Southern Europe, Latin America, and Asia), where the family plays a double role as the key provider of welfare and a key agent in the model's socio-economic and political reproduction. The article offers a new approach to the study this model by adopting an expanded concept of social reproduction to capture its historical evolution, using Greece as a case study. Our empirical analysis of austerity measures on employment and pensions demonstrates, how, in the Greek case, a crisis of social reproduction of the traditional form of familistic welfare capitalism was already underway prior to the well-known sovereign-debt crisis. And further we show how the adoption of austerity measures and pro-market reforms is deepening this crisis by severely undermining the key pillars of familial welfare security while rapidly transforming the model into a political economy of generalised insecurity. © 2013 Taylor & Francis.",2-s2.0-84890434049,"Papadopoulos, T.; Roumpakis, A.",Journal of International and Comparative Social Policy,3,29,anti-social policy; familistic welfare capitalism; Greece; recommodification; social reproduction; Southern Europe,Article,2013,10.1080/21699763.2013.863736,204,224
Explaining social policy preferences: Evidence from the great recession,"To what extent do personal circumstances, as compared to ideological dispositions, drive voters' preferences on welfare policy? Addressing this question is difficult because a person's ideological position can be an outcome of material interest rather than an independent source of preferences. The article deals with this empirical challenge using an original panel study carried out over four years, tracking the labor market experiences and the political attitudes of a national sample of Americans before and after the eruption of the financial crisis. The analysis shows that the personal experience of economic hardship, particularly the loss of a job, had a major effect on increasing support for welfare spending. This effect was appreciably larger among Republicans than among Democrats, a result that was not simply due to a ceiling effect. However the large attitudinal shift was short lived, dissipating as individuals' employment situations improved. The results indicate that the personal experience of an economic shock has a sizable, yet overall transient effect on voters' social policy preferences. © 2013 American Political Science Association.",2-s2.0-84874482092,"Margalit, Y.",American Political Science Review,1,107,,,2013,10.1017/S0003055412000603,80,103
US Social Policy in the 21st Century: The Difficulties of Comprehensive Social Reform,"In Western Europe, political commentators have been surprised by the apparent inability of President Barack Obama to implement comprehensive social policy reform, with the exception of health care legislation. Hopes that President Obama could become a new Roosevelt have been disappointed, precisely at a time when the 'Great Recession' (2007-09) has laid bare the challenge of economic insecurity and poverty in contemporary America. Paradoxically, it is the Presidency's incapacity to address this challenge that partially explains the Democrats' crushing electoral defeat in the mid-term congressional elections in November 2010. This article explains this apparent political paradox in four stages. First, it defines the American social contract - the dream of social mobility through hard work. Second, it shows how this dream has been severely tested by the rise of economic insecurity since the late 1970s and finally the Great Recession. Third, it analyses the social policy responses to the recession, namely the American Recovery Act. To conclude, the comparative timidity of the Obama administration's response is explained by a series of circumstantial and institutional constraints that limit the capacity of the Presidency to implement comprehensive social reform. © 2011 Blackwell Publishing Ltd.",2-s2.0-79959264975,"Daguerre, A.",Social Policy and Administration,4,45,American social policy; Economic insecurity; Social contract; Welfare reform,Article,2011,10.1111/j.1467-9515.2011.00781.x,389,407
